,short_name,long_name,Sub-Borough Area,Year,Income
0,hh_inc_med_adj,Median household income ($2017),Astoria,2000,53924.701369862996
1,hh_inc_med_adj,Median household income ($2017),Astoria,2005,46660.0
2,hh_inc_med_adj,Median household income ($2017),Astoria,2006,51237.8013593113
3,hh_inc_med_adj,Median household income ($2017),Astoria,2007,53910.0
4,hh_inc_med_adj,Median household income ($2017),Astoria,2008,59294.1522253607
5,hh_inc_med_adj,Median household income ($2017),Astoria,2009,53783.368309933496
6,hh_inc_med_adj,Median household income ($2017),Astoria,2010,51866.9996346486
7,hh_inc_med_adj,Median household income ($2017),Astoria,2011,50638.9536489072
8,hh_inc_med_adj,Median household income ($2017),Astoria,2012,55126.819643055096
9,hh_inc_med_adj,Median household income ($2017),Astoria,2013,53278.8979609318
10,hh_inc_med_adj,Median household income ($2017),Astoria,2014,58061.5297237059
11,hh_inc_med_adj,Median household income ($2017),Astoria,2015,59440.495244820704
12,hh_inc_med_adj,Median household income ($2017),Astoria,2016,61588.3626146223
13,hh_inc_med_adj,Median household income ($2017),Bay Ridge,2000,63267.7260273972
14,hh_inc_med_adj,Median household income ($2017),Bay Ridge,2005,60180.0
15,hh_inc_med_adj,Median household income ($2017),Bay Ridge,2006,67030.2327140915
16,hh_inc_med_adj,Median household income ($2017),Bay Ridge,2007,57130.0
17,hh_inc_med_adj,Median household income ($2017),Bay Ridge,2008,62453.3182346405
18,hh_inc_med_adj,Median household income ($2017),Bay Ridge,2009,60026.2528027024
19,hh_inc_med_adj,Median household income ($2017),Bay Ridge,2010,53920.4980403879
20,hh_inc_med_adj,Median household income ($2017),Bay Ridge,2011,61289.003302142
21,hh_inc_med_adj,Median household income ($2017),Bay Ridge,2012,55709.384768872595
22,hh_inc_med_adj,Median household income ($2017),Bay Ridge,2013,61288.5062277822
23,hh_inc_med_adj,Median household income ($2017),Bay Ridge,2014,58502.1324213196
24,hh_inc_med_adj,Median household income ($2017),Bay Ridge,2015,66345.230466921
25,hh_inc_med_adj,Median household income ($2017),Bay Ridge,2016,67873.0142577791
26,hh_inc_med_adj,Median household income ($2017),Bayside/Little Neck,2000,82983.7150684931
27,hh_inc_med_adj,Median household income ($2017),Bayside/Little Neck,2005,81950.0
28,hh_inc_med_adj,Median household income ($2017),Bayside/Little Neck,2006,82091.4428636158
29,hh_inc_med_adj,Median household income ($2017),Bayside/Little Neck,2007,81350.0
30,hh_inc_med_adj,Median household income ($2017),Bayside/Little Neck,2008,84272.51851286361
31,hh_inc_med_adj,Median household income ($2017),Bayside/Little Neck,2009,81716.4780745276
32,hh_inc_med_adj,Median household income ($2017),Bayside/Little Neck,2010,78588.1197688322
33,hh_inc_med_adj,Median household income ($2017),Bayside/Little Neck,2011,83496.3892813603
34,hh_inc_med_adj,Median household income ($2017),Bayside/Little Neck,2012,76650.9001219377
35,hh_inc_med_adj,Median household income ($2017),Bayside/Little Neck,2013,75441.49762686259
36,hh_inc_med_adj,Median household income ($2017),Bayside/Little Neck,2014,83442.1024478346
37,hh_inc_med_adj,Median household income ($2017),Bayside/Little Neck,2015,81642.8259351085
38,hh_inc_med_adj,Median household income ($2017),Bayside/Little Neck,2016,80663.5650143337
39,hh_inc_med_adj,Median household income ($2017),Bedford Stuyvesant,2000,33546.6082191781
40,hh_inc_med_adj,Median household income ($2017),Bedford Stuyvesant,2005,38140.0
41,hh_inc_med_adj,Median household income ($2017),Bedford Stuyvesant,2006,33577.7750792932
42,hh_inc_med_adj,Median household income ($2017),Bedford Stuyvesant,2007,36390.0
43,hh_inc_med_adj,Median household income ($2017),Bedford Stuyvesant,2008,43958.417012324906
44,hh_inc_med_adj,Median household income ($2017),Bedford Stuyvesant,2009,34195.2694183469
45,hh_inc_med_adj,Median household income ($2017),Bedford Stuyvesant,2010,41231.6170120898
46,hh_inc_med_adj,Median household income ($2017),Bedford Stuyvesant,2011,35049.2321107065
47,hh_inc_med_adj,Median household income ($2017),Bedford Stuyvesant,2012,40505.2854450726
48,hh_inc_med_adj,Median household income ($2017),Bedford Stuyvesant,2013,38887.531586673
49,hh_inc_med_adj,Median household income ($2017),Bedford Stuyvesant,2014,35782.7174422626
50,hh_inc_med_adj,Median household income ($2017),Bedford Stuyvesant,2015,40752.3656153332
51,hh_inc_med_adj,Median household income ($2017),Bedford Stuyvesant,2016,52441.7678886716
52,hh_inc_med_adj,Median household income ($2017),Bensonhurst,2000,50025.6438356164
53,hh_inc_med_adj,Median household income ($2017),Bensonhurst,2005,49670.0
54,hh_inc_med_adj,Median household income ($2017),Bensonhurst,2006,47102.325690983205
55,hh_inc_med_adj,Median household income ($2017),Bensonhurst,2007,48150.0
56,hh_inc_med_adj,Median household income ($2017),Bensonhurst,2008,44023.3313823786
57,hh_inc_med_adj,Median household income ($2017),Bensonhurst,2009,43736.4741053521
58,hh_inc_med_adj,Median household income ($2017),Bensonhurst,2010,42635.1753686728
59,hh_inc_med_adj,Median household income ($2017),Bensonhurst,2011,48197.8430311887
60,hh_inc_med_adj,Median household income ($2017),Bensonhurst,2012,53173.950781509804
61,hh_inc_med_adj,Median household income ($2017),Bensonhurst,2013,49423.078186993094
62,hh_inc_med_adj,Median household income ($2017),Bensonhurst,2014,49269.0810436921
63,hh_inc_med_adj,Median household income ($2017),Bensonhurst,2015,51557.7609591722
64,hh_inc_med_adj,Median household income ($2017),Bensonhurst,2016,52082.8779830274
65,hh_inc_med_adj,Median household income ($2017),Borough Park,2000,46641.556164383604
66,hh_inc_med_adj,Median household income ($2017),Borough Park,2005,40450.0
67,hh_inc_med_adj,Median household income ($2017),Borough Park,2006,48715.6357045763
68,hh_inc_med_adj,Median household income ($2017),Borough Park,2007,44130.0
69,hh_inc_med_adj,Median household income ($2017),Borough Park,2008,45711.1050037747
70,hh_inc_med_adj,Median household income ($2017),Borough Park,2009,46459.94096907
71,hh_inc_med_adj,Median household income ($2017),Borough Park,2010,40289.5941278066
72,hh_inc_med_adj,Median household income ($2017),Borough Park,2011,37260.5401303095
73,hh_inc_med_adj,Median household income ($2017),Borough Park,2012,40200.1829065514
74,hh_inc_med_adj,Median household income ($2017),Borough Park,2013,42417.1540261571
75,hh_inc_med_adj,Median household income ($2017),Borough Park,2014,44598.89882027441
76,hh_inc_med_adj,Median household income ($2017),Borough Park,2015,44491.2282102257
77,hh_inc_med_adj,Median household income ($2017),Borough Park,2016,46692.392383194405
78,hh_inc_med_adj,Median household income ($2017),Brooklyn Heights/Fort Greene,2000,60325.0410958904
79,hh_inc_med_adj,Median household income ($2017),Brooklyn Heights/Fort Greene,2005,63290.0
80,hh_inc_med_adj,Median household income ($2017),Brooklyn Heights/Fort Greene,2006,66859.8983235161
81,hh_inc_med_adj,Median household income ($2017),Brooklyn Heights/Fort Greene,2007,74330.0
82,hh_inc_med_adj,Median household income ($2017),Brooklyn Heights/Fort Greene,2008,70814.7446369952
83,hh_inc_med_adj,Median household income ($2017),Brooklyn Heights/Fort Greene,2009,75009.8558851473
84,hh_inc_med_adj,Median household income ($2017),Brooklyn Heights/Fort Greene,2010,80035.1561046898
85,hh_inc_med_adj,Median household income ($2017),Brooklyn Heights/Fort Greene,2011,67255.19905699219
86,hh_inc_med_adj,Median household income ($2017),Brooklyn Heights/Fort Greene,2012,80518.3671433322
87,hh_inc_med_adj,Median household income ($2017),Brooklyn Heights/Fort Greene,2013,79500.1452305584
88,hh_inc_med_adj,Median household income ($2017),Brooklyn Heights/Fort Greene,2014,87262.0349690658
89,hh_inc_med_adj,Median household income ($2017),Brooklyn Heights/Fort Greene,2015,89299.8681291689
90,hh_inc_med_adj,Median household income ($2017),Brooklyn Heights/Fort Greene,2016,88689.6483587417
91,hh_inc_med_adj,Median household income ($2017),Brownsville/Ocean Hill,2000,31339.5945205479
92,hh_inc_med_adj,Median household income ($2017),Brownsville/Ocean Hill,2005,27480.0
93,hh_inc_med_adj,Median household income ($2017),Brownsville/Ocean Hill,2006,27953.0901676484
94,hh_inc_med_adj,Median household income ($2017),Brownsville/Ocean Hill,2007,29360.0
95,hh_inc_med_adj,Median household income ($2017),Brownsville/Ocean Hill,2008,31141.8148968115
96,hh_inc_med_adj,Median household income ($2017),Brownsville/Ocean Hill,2009,29301.646194447403
97,hh_inc_med_adj,Median household income ($2017),Brownsville/Ocean Hill,2010,29249.5318519995
98,hh_inc_med_adj,Median household income ($2017),Brownsville/Ocean Hill,2011,27929.6874672006
99,hh_inc_med_adj,Median household income ($2017),Brownsville/Ocean Hill,2012,30149.871411151802
100,hh_inc_med_adj,Median household income ($2017),Brownsville/Ocean Hill,2013,29204.070972188198
101,hh_inc_med_adj,Median household income ($2017),Brownsville/Ocean Hill,2014,26063.661683895
102,hh_inc_med_adj,Median household income ($2017),Brownsville/Ocean Hill,2015,27887.916394814198
103,hh_inc_med_adj,Median household income ($2017),Brownsville/Ocean Hill,2016,30798.259601693502
104,hh_inc_med_adj,Median household income ($2017),Bushwick,2000,33840.8767123288
105,hh_inc_med_adj,Median household income ($2017),Bushwick,2005,31590.0
106,hh_inc_med_adj,Median household income ($2017),Bushwick,2006,33886.8103307657
107,hh_inc_med_adj,Median household income ($2017),Bushwick,2007,36590.0
108,hh_inc_med_adj,Median household income ($2017),Bushwick,2008,41048.6588458831
109,hh_inc_med_adj,Median household income ($2017),Bushwick,2009,36033.2127098068
110,hh_inc_med_adj,Median household income ($2017),Bushwick,2010,41304.0803108808
111,hh_inc_med_adj,Median household income ($2017),Bushwick,2011,37009.0580418056
112,hh_inc_med_adj,Median household income ($2017),Bushwick,2012,37236.3296752023
113,hh_inc_med_adj,Median household income ($2017),Bushwick,2013,45326.792429321795
114,hh_inc_med_adj,Median household income ($2017),Bushwick,2014,41773.6759020866
115,hh_inc_med_adj,Median household income ($2017),Bushwick,2015,44512.8699176383
116,hh_inc_med_adj,Median household income ($2017),Bushwick,2016,49377.9492339529
117,hh_inc_med_adj,Median household income ($2017),Central Harlem,2000,31486.728767123303
118,hh_inc_med_adj,Median household income ($2017),Central Harlem,2005,33130.0
119,hh_inc_med_adj,Median household income ($2017),Central Harlem,2006,32858.7206162211
120,hh_inc_med_adj,Median household income ($2017),Central Harlem,2007,36240.0
121,hh_inc_med_adj,Median household income ($2017),Central Harlem,2008,37760.8029450933
122,hh_inc_med_adj,Median household income ($2017),Central Harlem,2009,35686.2598120975
123,hh_inc_med_adj,Median household income ($2017),Central Harlem,2010,39392.1640427793
124,hh_inc_med_adj,Median household income ($2017),Central Harlem,2011,38318.4992612568
125,hh_inc_med_adj,Median household income ($2017),Central Harlem,2012,39164.747810664
126,hh_inc_med_adj,Median household income ($2017),Central Harlem,2013,38596.8813976397
127,hh_inc_med_adj,Median household income ($2017),Central Harlem,2014,41856.224416862
128,hh_inc_med_adj,Median household income ($2017),Central Harlem,2015,47449.958780770496
129,hh_inc_med_adj,Median household income ($2017),Central Harlem,2016,46537.4171966662
130,hh_inc_med_adj,Median household income ($2017),Chelsea/Clinton/Midtown,2000,80923.8356164383
131,hh_inc_med_adj,Median household income ($2017),Chelsea/Clinton/Midtown,2005,87400.0
132,hh_inc_med_adj,Median household income ($2017),Chelsea/Clinton/Midtown,2006,88461.94907113731
133,hh_inc_med_adj,Median household income ($2017),Chelsea/Clinton/Midtown,2007,92130.0
134,hh_inc_med_adj,Median household income ($2017),Chelsea/Clinton/Midtown,2008,90348.2757801698
135,hh_inc_med_adj,Median household income ($2017),Chelsea/Clinton/Midtown,2009,92710.1228333157
136,hh_inc_med_adj,Median household income ($2017),Chelsea/Clinton/Midtown,2010,86783.1614521057
137,hh_inc_med_adj,Median household income ($2017),Chelsea/Clinton/Midtown,2011,90002.4043468783
138,hh_inc_med_adj,Median household income ($2017),Chelsea/Clinton/Midtown,2012,91717.8627646602
139,hh_inc_med_adj,Median household income ($2017),Chelsea/Clinton/Midtown,2013,105214.32292579199
140,hh_inc_med_adj,Median household income ($2017),Chelsea/Clinton/Midtown,2014,101700.80205971599
141,hh_inc_med_adj,Median household income ($2017),Chelsea/Clinton/Midtown,2015,105401.298444108
142,hh_inc_med_adj,Median household income ($2017),Chelsea/Clinton/Midtown,2016,103537.69863117699
143,hh_inc_med_adj,Median household income ($2017),Coney Island,2000,36047.8904109589
144,hh_inc_med_adj,Median household income ($2017),Coney Island,2005,31330.0
145,hh_inc_med_adj,Median household income ($2017),Coney Island,2006,34046.1946533756
146,hh_inc_med_adj,Median household income ($2017),Coney Island,2007,36290.0
147,hh_inc_med_adj,Median household income ($2017),Coney Island,2008,37004.6074763977
148,hh_inc_med_adj,Median household income ($2017),Coney Island,2009,36955.0189380344
149,hh_inc_med_adj,Median household income ($2017),Coney Island,2010,32459.0985784509
150,hh_inc_med_adj,Median household income ($2017),Coney Island,2011,30466.1878426275
151,hh_inc_med_adj,Median household income ($2017),Coney Island,2012,31844.4130362487
152,hh_inc_med_adj,Median household income ($2017),Coney Island,2013,32253.806948483998
153,hh_inc_med_adj,Median household income ($2017),Coney Island,2014,30520.249625331402
154,hh_inc_med_adj,Median household income ($2017),Coney Island,2015,41512.917047260096
155,hh_inc_med_adj,Median household income ($2017),Coney Island,2016,39980.5394034894
156,hh_inc_med_adj,Median household income ($2017),East Flatbush,2000,51496.9863013699
157,hh_inc_med_adj,Median household income ($2017),East Flatbush,2005,51760.0
158,hh_inc_med_adj,Median household income ($2017),East Flatbush,2006,50495.630086089695
159,hh_inc_med_adj,Median household income ($2017),East Flatbush,2007,50000.0
160,hh_inc_med_adj,Median household income ($2017),East Flatbush,2008,49633.2995733347
161,hh_inc_med_adj,Median household income ($2017),East Flatbush,2009,54252.7751715402
162,hh_inc_med_adj,Median household income ($2017),East Flatbush,2010,48305.1497940747
163,hh_inc_med_adj,Median household income ($2017),East Flatbush,2011,48376.6988268919
164,hh_inc_med_adj,Median household income ($2017),East Flatbush,2012,51686.708790599696
165,hh_inc_med_adj,Median household income ($2017),East Flatbush,2013,44607.485486678095
166,hh_inc_med_adj,Median household income ($2017),East Flatbush,2014,43698.0881527879
167,hh_inc_med_adj,Median household income ($2017),East Flatbush,2015,51860.744862948
168,hh_inc_med_adj,Median household income ($2017),East Flatbush,2016,52259.26421506269
169,hh_inc_med_adj,Median household income ($2017),East Harlem,2000,33840.8767123288
170,hh_inc_med_adj,Median household income ($2017),East Harlem,2005,33350.0
171,hh_inc_med_adj,Median household income ($2017),East Harlem,2006,32864.8039873131
172,hh_inc_med_adj,Median household income ($2017),East Harlem,2007,35620.0
173,hh_inc_med_adj,Median household income ($2017),East Harlem,2008,34545.8333545394
174,hh_inc_med_adj,Median household income ($2017),East Harlem,2009,31716.7104824237
175,hh_inc_med_adj,Median household income ($2017),East Harlem,2010,34084.5061113325
176,hh_inc_med_adj,Median household income ($2017),East Harlem,2011,33494.812649868
177,hh_inc_med_adj,Median household income ($2017),East Harlem,2012,32972.3356612349
178,hh_inc_med_adj,Median household income ($2017),East Harlem,2013,28166.9307293066
179,hh_inc_med_adj,Median household income ($2017),East Harlem,2014,32338.3806632594
180,hh_inc_med_adj,Median household income ($2017),East Harlem,2015,30977.5277673301
181,hh_inc_med_adj,Median household income ($2017),East Harlem,2016,35096.7818806599
182,hh_inc_med_adj,Median household income ($2017),East New York/Starrett City,2000,40314.7835616438
183,hh_inc_med_adj,Median household income ($2017),East New York/Starrett City,2005,38230.0
184,hh_inc_med_adj,Median household income ($2017),East New York/Starrett City,2006,34148.3952877209
185,hh_inc_med_adj,Median household income ($2017),East New York/Starrett City,2007,37570.0
186,hh_inc_med_adj,Median household income ($2017),East New York/Starrett City,2008,40978.0502328422
187,hh_inc_med_adj,Median household income ($2017),East New York/Starrett City,2009,37813.3305183152
188,hh_inc_med_adj,Median household income ($2017),East New York/Starrett City,2010,35189.2927129002
189,hh_inc_med_adj,Median household income ($2017),East New York/Starrett City,2011,32364.22722612
190,hh_inc_med_adj,Median household income ($2017),East New York/Starrett City,2012,35807.5568118834
191,hh_inc_med_adj,Median household income ($2017),East New York/Starrett City,2013,38624.064508844305
192,hh_inc_med_adj,Median household income ($2017),East New York/Starrett City,2014,34047.13491911
193,hh_inc_med_adj,Median household income ($2017),East New York/Starrett City,2015,36171.5375463428
194,hh_inc_med_adj,Median household income ($2017),East New York/Starrett City,2016,38621.4478005809
195,hh_inc_med_adj,Median household income ($2017),Elmhurst/Corona,2000,52968.3287671233
196,hh_inc_med_adj,Median household income ($2017),Elmhurst/Corona,2005,50860.0
197,hh_inc_med_adj,Median household income ($2017),Elmhurst/Corona,2006,50398.296148618
198,hh_inc_med_adj,Median household income ($2017),Elmhurst/Corona,2007,51740.0
199,hh_inc_med_adj,Median household income ($2017),Elmhurst/Corona,2008,47672.2022885547
200,hh_inc_med_adj,Median household income ($2017),Elmhurst/Corona,2009,49094.968858862005
201,hh_inc_med_adj,Median household income ($2017),Elmhurst/Corona,2010,46029.8022120367
202,hh_inc_med_adj,Median household income ($2017),Elmhurst/Corona,2011,49473.681040537995
203,hh_inc_med_adj,Median household income ($2017),Elmhurst/Corona,2012,44294.0849129808
204,hh_inc_med_adj,Median household income ($2017),Elmhurst/Corona,2013,48604.4483380251
205,hh_inc_med_adj,Median household income ($2017),Elmhurst/Corona,2014,46705.9496599162
206,hh_inc_med_adj,Median household income ($2017),Elmhurst/Corona,2015,45071.432080381295
207,hh_inc_med_adj,Median household income ($2017),Elmhurst/Corona,2016,43050.4754997817
208,hh_inc_med_adj,Median household income ($2017),Flatbush,2000,51496.9863013699
209,hh_inc_med_adj,Median household income ($2017),Flatbush,2005,46220.0
210,hh_inc_med_adj,Median household income ($2017),Flatbush,2006,48812.969642047996
211,hh_inc_med_adj,Median household income ($2017),Flatbush,2007,47830.0
212,hh_inc_med_adj,Median household income ($2017),Flatbush,2008,47150.6096309303
213,hh_inc_med_adj,Median household income ($2017),Flatbush,2009,45775.1058376438
214,hh_inc_med_adj,Median household income ($2017),Flatbush,2010,48015.296598910594
215,hh_inc_med_adj,Median household income ($2017),Flatbush,2011,43868.448800652404
216,hh_inc_med_adj,Median household income ($2017),Flatbush,2012,43659.4291098548
217,hh_inc_med_adj,Median household income ($2017),Flatbush,2013,44237.376972585305
218,hh_inc_med_adj,Median household income ($2017),Flatbush,2014,51918.888367982196
219,hh_inc_med_adj,Median household income ($2017),Flatbush,2015,51174.3935707213
220,hh_inc_med_adj,Median household income ($2017),Flatbush,2016,51640.3830425455
221,hh_inc_med_adj,Median household income ($2017),Flatlands/Canarsie,2000,73567.1232876712
222,hh_inc_med_adj,Median household income ($2017),Flatlands/Canarsie,2005,65000.0
223,hh_inc_med_adj,Median household income ($2017),Flatlands/Canarsie,2006,71924.9130946987
224,hh_inc_med_adj,Median household income ($2017),Flatlands/Canarsie,2007,70860.0
225,hh_inc_med_adj,Median household income ($2017),Flatlands/Canarsie,2008,71091.4848461715
226,hh_inc_med_adj,Median household income ($2017),Flatlands/Canarsie,2009,72375.9618283543
227,hh_inc_med_adj,Median household income ($2017),Flatlands/Canarsie,2010,65578.1705858908
228,hh_inc_med_adj,Median household income ($2017),Flatlands/Canarsie,2011,64622.2249493376
229,hh_inc_med_adj,Median household income ($2017),Flatlands/Canarsie,2012,65391.87229797139
230,hh_inc_med_adj,Median household income ($2017),Flatlands/Canarsie,2013,69299.1599989098
231,hh_inc_med_adj,Median household income ($2017),Flatlands/Canarsie,2014,64067.9660300503
232,hh_inc_med_adj,Median household income ($2017),Flatlands/Canarsie,2015,71205.3396172829
233,hh_inc_med_adj,Median household income ($2017),Flatlands/Canarsie,2016,76866.6729443928
234,hh_inc_med_adj,Median household income ($2017),Flushing/Whitestone,2000,64739.068493150706
235,hh_inc_med_adj,Median household income ($2017),Flushing/Whitestone,2005,60850.0
236,hh_inc_med_adj,Median household income ($2017),Flushing/Whitestone,2006,61609.94907113731
237,hh_inc_med_adj,Median household income ($2017),Flushing/Whitestone,2007,60730.0
238,hh_inc_med_adj,Median household income ($2017),Flushing/Whitestone,2008,64012.40196452651
239,hh_inc_med_adj,Median household income ($2017),Flushing/Whitestone,2009,59314.2056792991
240,hh_inc_med_adj,Median household income ($2017),Flushing/Whitestone,2010,58083.2358509366
241,hh_inc_med_adj,Median household income ($2017),Flushing/Whitestone,2011,53797.655398477305
242,hh_inc_med_adj,Median household income ($2017),Flushing/Whitestone,2012,55621.1495399623
243,hh_inc_med_adj,Median household income ($2017),Flushing/Whitestone,2013,52787.51095069559
244,hh_inc_med_adj,Median household income ($2017),Flushing/Whitestone,2014,53764.879529646794
245,hh_inc_med_adj,Median household income ($2017),Flushing/Whitestone,2015,52251.326153869806
246,hh_inc_med_adj,Median household income ($2017),Flushing/Whitestone,2016,52044.134186395306
247,hh_inc_med_adj,Median household income ($2017),Greenwich Village/Financial District,2000,101669.764383562
248,hh_inc_med_adj,Median household income ($2017),Greenwich Village/Financial District,2005,115100.0
249,hh_inc_med_adj,Median household income ($2017),Greenwich Village/Financial District,2006,115427.099773448
250,hh_inc_med_adj,Median household income ($2017),Greenwich Village/Financial District,2007,121820.0
251,hh_inc_med_adj,Median household income ($2017),Greenwich Village/Financial District,2008,120389.962931861
252,hh_inc_med_adj,Median household income ($2017),Greenwich Village/Financial District,2009,115417.396305289
253,hh_inc_med_adj,Median household income ($2017),Greenwich Village/Financial District,2010,113844.301680616
254,hh_inc_med_adj,Median household income ($2017),Greenwich Village/Financial District,2011,129931.689743983
255,hh_inc_med_adj,Median household income ($2017),Greenwich Village/Financial District,2012,109362.78239663
256,hh_inc_med_adj,Median household income ($2017),Greenwich Village/Financial District,2013,131013.186467471
257,hh_inc_med_adj,Median household income ($2017),Greenwich Village/Financial District,2014,124018.82488567801
258,hh_inc_med_adj,Median household income ($2017),Greenwich Village/Financial District,2015,125884.659231342
259,hh_inc_med_adj,Median household income ($2017),Greenwich Village/Financial District,2016,139895.69304957
260,hh_inc_med_adj,Median household income ($2017),Highbridge/South Concourse,2000,33693.7424657534
261,hh_inc_med_adj,Median household income ($2017),Highbridge/South Concourse,2005,25710.0
262,hh_inc_med_adj,Median household income ($2017),Highbridge/South Concourse,2006,29606.5504304486
263,hh_inc_med_adj,Median household income ($2017),Highbridge/South Concourse,2007,28800.0
264,hh_inc_med_adj,Median household income ($2017),Highbridge/South Concourse,2008,28208.1409098235
265,hh_inc_med_adj,Median household income ($2017),Highbridge/South Concourse,2009,33392.5156550195
266,hh_inc_med_adj,Median household income ($2017),Highbridge/South Concourse,2010,29800.2529228112
267,hh_inc_med_adj,Median household income ($2017),Highbridge/South Concourse,2011,24767.7337940723
268,hh_inc_med_adj,Median household income ($2017),Highbridge/South Concourse,2012,28655.1878949119
269,hh_inc_med_adj,Median household income ($2017),Highbridge/South Concourse,2013,27587.7213597941
270,hh_inc_med_adj,Median household income ($2017),Highbridge/South Concourse,2014,28069.590592937002
271,hh_inc_med_adj,Median household income ($2017),Highbridge/South Concourse,2015,26925.3756937035
272,hh_inc_med_adj,Median household income ($2017),Highbridge/South Concourse,2016,32115.5486871832
273,hh_inc_med_adj,Median household income ($2017),Hillcrest/Fresh Meadows,2000,72095.7808219178
274,hh_inc_med_adj,Median household income ($2017),Hillcrest/Fresh Meadows,2005,59390.0
275,hh_inc_med_adj,Median household income ($2017),Hillcrest/Fresh Meadows,2006,68941.6279111917
276,hh_inc_med_adj,Median household income ($2017),Hillcrest/Fresh Meadows,2007,64170.0
277,hh_inc_med_adj,Median household income ($2017),Hillcrest/Fresh Meadows,2008,68907.1732362945
278,hh_inc_med_adj,Median household income ($2017),Hillcrest/Fresh Meadows,2009,60375.4733664098
279,hh_inc_med_adj,Median household income ($2017),Hillcrest/Fresh Meadows,2010,61577.0816726451
280,hh_inc_med_adj,Median household income ($2017),Hillcrest/Fresh Meadows,2011,57710.803413559006
281,hh_inc_med_adj,Median household income ($2017),Hillcrest/Fresh Meadows,2012,68157.99357055759
282,hh_inc_med_adj,Median household income ($2017),Hillcrest/Fresh Meadows,2013,60148.906565745
283,hh_inc_med_adj,Median household income ($2017),Hillcrest/Fresh Meadows,2014,57086.4253929216
284,hh_inc_med_adj,Median household income ($2017),Hillcrest/Fresh Meadows,2015,64269.6876703076
285,hh_inc_med_adj,Median household income ($2017),Hillcrest/Fresh Meadows,2016,67946.4235566609
286,hh_inc_med_adj,Median household income ($2017),Jackson Heights,2000,56779.105753424694
287,hh_inc_med_adj,Median household income ($2017),Jackson Heights,2005,50950.0
288,hh_inc_med_adj,Median household income ($2017),Jackson Heights,2006,58155.810965111
289,hh_inc_med_adj,Median household income ($2017),Jackson Heights,2007,56440.0
290,hh_inc_med_adj,Median household income ($2017),Jackson Heights,2008,54637.4003104563
291,hh_inc_med_adj,Median household income ($2017),Jackson Heights,2009,58488.7752559907
292,hh_inc_med_adj,Median household income ($2017),Jackson Heights,2010,50038.6948651521
293,hh_inc_med_adj,Median household income ($2017),Jackson Heights,2011,50533.8081205241
294,hh_inc_med_adj,Median household income ($2017),Jackson Heights,2012,45836.6068063408
295,hh_inc_med_adj,Median household income ($2017),Jackson Heights,2013,51418.9458519738
296,hh_inc_med_adj,Median household income ($2017),Jackson Heights,2014,51190.3977250893
297,hh_inc_med_adj,Median household income ($2017),Jackson Heights,2015,55791.291152065896
298,hh_inc_med_adj,Median household income ($2017),Jackson Heights,2016,54118.966453401204
299,hh_inc_med_adj,Median household income ($2017),Jamaica,2000,58265.16164383559
300,hh_inc_med_adj,Median household income ($2017),Jamaica,2005,57460.0
301,hh_inc_med_adj,Median household income ($2017),Jamaica,2006,59499.01930222019
302,hh_inc_med_adj,Median household income ($2017),Jamaica,2007,56240.0
303,hh_inc_med_adj,Median household income ($2017),Jamaica,2008,59552.670856977995
304,hh_inc_med_adj,Median household income ($2017),Jamaica,2009,61520.644695450195
305,hh_inc_med_adj,Median household income ($2017),Jamaica,2010,55481.246014348304
306,hh_inc_med_adj,Median household income ($2017),Jamaica,2011,54221.4894355679
307,hh_inc_med_adj,Median household income ($2017),Jamaica,2012,53921.2925396297
308,hh_inc_med_adj,Median household income ($2017),Jamaica,2013,53790.1495524329
309,hh_inc_med_adj,Median household income ($2017),Jamaica,2014,54210.641509434005
310,hh_inc_med_adj,Median household income ($2017),Jamaica,2015,60096.9603696682
311,hh_inc_med_adj,Median household income ($2017),Jamaica,2016,61268.2165056101
312,hh_inc_med_adj,Median household income ($2017),Kingsbridge Heights/Mosholu,2000,40020.5150684931
313,hh_inc_med_adj,Median household income ($2017),Kingsbridge Heights/Mosholu,2005,36180.0
314,hh_inc_med_adj,Median household income ($2017),Kingsbridge Heights/Mosholu,2006,34391.730131400094
315,hh_inc_med_adj,Median household income ($2017),Kingsbridge Heights/Mosholu,2007,35120.0
316,hh_inc_med_adj,Median household income ($2017),Kingsbridge Heights/Mosholu,2008,35740.4855332468
317,hh_inc_med_adj,Median household income ($2017),Kingsbridge Heights/Mosholu,2009,33364.1698300433
318,hh_inc_med_adj,Median household income ($2017),Kingsbridge Heights/Mosholu,2010,30339.825793809
319,hh_inc_med_adj,Median household income ($2017),Kingsbridge Heights/Mosholu,2011,33219.483121937
320,hh_inc_med_adj,Median household income ($2017),Kingsbridge Heights/Mosholu,2012,32451.4288881499
321,hh_inc_med_adj,Median household income ($2017),Kingsbridge Heights/Mosholu,2013,30391.7638309719
322,hh_inc_med_adj,Median household income ($2017),Kingsbridge Heights/Mosholu,2014,36625.7441494063
323,hh_inc_med_adj,Median household income ($2017),Kingsbridge Heights/Mosholu,2015,32914.9758595015
324,hh_inc_med_adj,Median household income ($2017),Kingsbridge Heights/Mosholu,2016,34727.6962390599
325,hh_inc_med_adj,Median household income ($2017),Lower East Side/Chinatown,2000,42668.9315068493
326,hh_inc_med_adj,Median household income ($2017),Lower East Side/Chinatown,2005,39690.0
327,hh_inc_med_adj,Median household income ($2017),Lower East Side/Chinatown,2006,44894.061984594504
328,hh_inc_med_adj,Median household income ($2017),Lower East Side/Chinatown,2007,37180.0
329,hh_inc_med_adj,Median household income ($2017),Lower East Side/Chinatown,2008,41611.2500530151
330,hh_inc_med_adj,Median household income ($2017),Lower East Side/Chinatown,2009,46775.1465428059
331,hh_inc_med_adj,Median household income ($2017),Lower East Side/Chinatown,2010,47172.492692972
332,hh_inc_med_adj,Median household income ($2017),Lower East Side/Chinatown,2011,42450.610129259905
333,hh_inc_med_adj,Median household income ($2017),Lower East Side/Chinatown,2012,43401.1018734065
334,hh_inc_med_adj,Median household income ($2017),Lower East Side/Chinatown,2013,41959.223152788
335,hh_inc_med_adj,Median household income ($2017),Lower East Side/Chinatown,2014,42683.7732774853
336,hh_inc_med_adj,Median household income ($2017),Lower East Side/Chinatown,2015,43559.604233990096
337,hh_inc_med_adj,Median household income ($2017),Lower East Side/Chinatown,2016,42013.569153076496
338,hh_inc_med_adj,Median household income ($2017),Mid-Island,2000,82100.9095890411
339,hh_inc_med_adj,Median household income ($2017),Mid-Island,2005,73670.0
340,hh_inc_med_adj,Median household income ($2017),Mid-Island,2006,83999.1880380607
341,hh_inc_med_adj,Median household income ($2017),Mid-Island,2007,79350.0
342,hh_inc_med_adj,Median household income ($2017),Mid-Island,2008,85913.5993417648
343,hh_inc_med_adj,Median household income ($2017),Mid-Island,2009,79376.24676448849
344,hh_inc_med_adj,Median household income ($2017),Mid-Island,2010,76628.2662415305
345,hh_inc_med_adj,Median household income ($2017),Mid-Island,2011,77025.0614004634
346,hh_inc_med_adj,Median household income ($2017),Mid-Island,2012,75794.06163396519
347,hh_inc_med_adj,Median household income ($2017),Mid-Island,2013,71785.3691698497
348,hh_inc_med_adj,Median household income ($2017),Mid-Island,2014,73735.4289666833
349,hh_inc_med_adj,Median household income ($2017),Mid-Island,2015,76131.4044473783
350,hh_inc_med_adj,Median household income ($2017),Mid-Island,2016,83761.0295977066
351,hh_inc_med_adj,Median household income ($2017),Middle Village/Ridgewood,2000,60325.0410958904
352,hh_inc_med_adj,Median household income ($2017),Middle Village/Ridgewood,2005,59490.0
353,hh_inc_med_adj,Median household income ($2017),Middle Village/Ridgewood,2006,61414.064521975495
354,hh_inc_med_adj,Median household income ($2017),Middle Village/Ridgewood,2007,58890.0
355,hh_inc_med_adj,Median household income ($2017),Middle Village/Ridgewood,2008,61296.2480596483
356,hh_inc_med_adj,Median household income ($2017),Middle Village/Ridgewood,2009,59552.3106090995
357,hh_inc_med_adj,Median household income ($2017),Middle Village/Ridgewood,2010,59375.3122093796
358,hh_inc_med_adj,Median household income ($2017),Middle Village/Ridgewood,2011,56817.6084095625
359,hh_inc_med_adj,Median household income ($2017),Middle Village/Ridgewood,2012,54076.5014965081
360,hh_inc_med_adj,Median household income ($2017),Middle Village/Ridgewood,2013,61228.912483987595
361,hh_inc_med_adj,Median household income ($2017),Middle Village/Ridgewood,2014,65687.9806325174
362,hh_inc_med_adj,Median household income ($2017),Middle Village/Ridgewood,2015,64197.548645599105
363,hh_inc_med_adj,Median household income ($2017),Middle Village/Ridgewood,2016,76170.30417861139
364,hh_inc_med_adj,Median household income ($2017),Morningside Heights/Hamilton Heights,2000,44140.27397260269
365,hh_inc_med_adj,Median household income ($2017),Morningside Heights/Hamilton Heights,2005,34630.0
366,hh_inc_med_adj,Median household income ($2017),Morningside Heights/Hamilton Heights,2006,34993.9838695061
367,hh_inc_med_adj,Median household income ($2017),Morningside Heights/Hamilton Heights,2007,48580.0
368,hh_inc_med_adj,Median household income ($2017),Morningside Heights/Hamilton Heights,2008,42789.9583513585
369,hh_inc_med_adj,Median household income ($2017),Morningside Heights/Hamilton Heights,2009,43781.827425314
370,hh_inc_med_adj,Median household income ($2017),Morningside Heights/Hamilton Heights,2010,41547.111066826095
371,hh_inc_med_adj,Median household income ($2017),Morningside Heights/Hamilton Heights,2011,42801.8178735498
372,hh_inc_med_adj,Median household income ($2017),Morningside Heights/Hamilton Heights,2012,42959.925728854905
373,hh_inc_med_adj,Median household income ($2017),Morningside Heights/Hamilton Heights,2013,47674.9950356847
374,hh_inc_med_adj,Median household income ($2017),Morningside Heights/Hamilton Heights,2014,43580.456519233
375,hh_inc_med_adj,Median household income ($2017),Morningside Heights/Hamilton Heights,2015,50170.6305697772
376,hh_inc_med_adj,Median household income ($2017),Morningside Heights/Hamilton Heights,2016,49993.7716856834
377,hh_inc_med_adj,Median household income ($2017),Morrisania/Belmont,2000,27219.8356164384
378,hh_inc_med_adj,Median household income ($2017),Morrisania/Belmont,2005,23200.0
379,hh_inc_med_adj,Median household income ($2017),Morrisania/Belmont,2006,22445.2059809696
380,hh_inc_med_adj,Median household income ($2017),Morrisania/Belmont,2007,23970.0
381,hh_inc_med_adj,Median household income ($2017),Morrisania/Belmont,2008,23957.9579442027
382,hh_inc_med_adj,Median household income ($2017),Morrisania/Belmont,2009,26567.974833737997
383,hh_inc_med_adj,Median household income ($2017),Morrisania/Belmont,2010,22938.535937292403
384,hh_inc_med_adj,Median household income ($2017),Morrisania/Belmont,2011,24248.5099992734
385,hh_inc_med_adj,Median household income ($2017),Morrisania/Belmont,2012,21885.5259949008
386,hh_inc_med_adj,Median household income ($2017),Morrisania/Belmont,2013,25362.888258128798
387,hh_inc_med_adj,Median household income ($2017),Morrisania/Belmont,2014,22743.1476770549
388,hh_inc_med_adj,Median household income ($2017),Morrisania/Belmont,2015,24783.877217356603
389,hh_inc_med_adj,Median household income ($2017),Morrisania/Belmont,2016,26317.2336491181
390,hh_inc_med_adj,Median household income ($2017),Mott Haven/Hunts Point,2000,25748.493150684903
391,hh_inc_med_adj,Median household income ($2017),Mott Haven/Hunts Point,2005,17210.0
392,hh_inc_med_adj,Median household income ($2017),Mott Haven/Hunts Point,2006,21707.901404621698
393,hh_inc_med_adj,Median household income ($2017),Mott Haven/Hunts Point,2007,24170.0
394,hh_inc_med_adj,Median household income ($2017),Mott Haven/Hunts Point,2008,21841.9772501718
395,hh_inc_med_adj,Median household income ($2017),Mott Haven/Hunts Point,2009,21811.545402723503
396,hh_inc_med_adj,Median household income ($2017),Mott Haven/Hunts Point,2010,23237.3076923077
397,hh_inc_med_adj,Median household income ($2017),Mott Haven/Hunts Point,2011,22921.7251875116
398,hh_inc_med_adj,Median household income ($2017),Mott Haven/Hunts Point,2012,20328.1210508813
399,hh_inc_med_adj,Median household income ($2017),Mott Haven/Hunts Point,2013,24133.3752282612
400,hh_inc_med_adj,Median household income ($2017),Mott Haven/Hunts Point,2014,21788.680474964498
401,hh_inc_med_adj,Median household income ($2017),Mott Haven/Hunts Point,2015,25153.847358361698
402,hh_inc_med_adj,Median household income ($2017),Mott Haven/Hunts Point,2016,27846.5940424886
403,hh_inc_med_adj,Median household income ($2017),North Crown Heights/Prospect Heights,2000,44140.27397260269
404,hh_inc_med_adj,Median household income ($2017),North Crown Heights/Prospect Heights,2005,37580.0
405,hh_inc_med_adj,Median household income ($2017),North Crown Heights/Prospect Heights,2006,46871.157589488
406,hh_inc_med_adj,Median household income ($2017),North Crown Heights/Prospect Heights,2007,41220.0
407,hh_inc_med_adj,Median household income ($2017),North Crown Heights/Prospect Heights,2008,44481.1485185468
408,hh_inc_med_adj,Median household income ($2017),North Crown Heights/Prospect Heights,2009,43573.2021534889
409,hh_inc_med_adj,Median household income ($2017),North Crown Heights/Prospect Heights,2010,42999.7215025907
410,hh_inc_med_adj,Median household income ($2017),North Crown Heights/Prospect Heights,2011,43912.8917559483
411,hh_inc_med_adj,Median household income ($2017),North Crown Heights/Prospect Heights,2012,44330.2294645826
412,hh_inc_med_adj,Median household income ($2017),North Crown Heights/Prospect Heights,2013,40810.2139522569
413,hh_inc_med_adj,Median household income ($2017),North Crown Heights/Prospect Heights,2014,46334.481343427
414,hh_inc_med_adj,Median household income ($2017),North Crown Heights/Prospect Heights,2015,47113.997037128
415,hh_inc_med_adj,Median household income ($2017),North Crown Heights/Prospect Heights,2016,52904.6543010651
416,hh_inc_med_adj,Median household income ($2017),North Shore,2000,68270.2904109589
417,hh_inc_med_adj,Median household income ($2017),North Shore,2005,64090.0
418,hh_inc_med_adj,Median household income ($2017),North Shore,2006,71148.674943362
419,hh_inc_med_adj,Median household income ($2017),North Shore,2007,64980.0
420,hh_inc_med_adj,Median household income ($2017),North Shore,2008,63334.7870490538
421,hh_inc_med_adj,Median household income ($2017),North Shore,2009,63677.1950596432
422,hh_inc_med_adj,Median household income ($2017),North Shore,2010,66153.4176962933
423,hh_inc_med_adj,Median household income ($2017),North Shore,2011,58757.9227993121
424,hh_inc_med_adj,Median household income ($2017),North Shore,2012,59934.0450060969
425,hh_inc_med_adj,Median household income ($2017),North Shore,2013,63484.0652096888
426,hh_inc_med_adj,Median household income ($2017),North Shore,2014,59436.9943511509
427,hh_inc_med_adj,Median household income ($2017),North Shore,2015,57591.6750972912
428,hh_inc_med_adj,Median household income ($2017),North Shore,2016,66858.5385301768
429,hh_inc_med_adj,Median household income ($2017),Ozone Park/Woodhaven,2000,63488.427397260304
430,hh_inc_med_adj,Median household income ($2017),Ozone Park/Woodhaven,2005,57320.0
431,hh_inc_med_adj,Median household income ($2017),Ozone Park/Woodhaven,2006,64145.4981422746
432,hh_inc_med_adj,Median household income ($2017),Ozone Park/Woodhaven,2007,60430.0
433,hh_inc_med_adj,Median household income ($2017),Ozone Park/Woodhaven,2008,59434.230602845
434,hh_inc_med_adj,Median household income ($2017),Ozone Park/Woodhaven,2009,59191.7517154017
435,hh_inc_med_adj,Median household income ($2017),Ozone Park/Woodhaven,2010,63714.1915769895
436,hh_inc_med_adj,Median household income ($2017),Ozone Park/Woodhaven,2011,59461.422262411295
437,hh_inc_med_adj,Median household income ($2017),Ozone Park/Woodhaven,2012,59155.874071610706
438,hh_inc_med_adj,Median household income ($2017),Ozone Park/Woodhaven,2013,65377.47345551389
439,hh_inc_med_adj,Median household income ($2017),Ozone Park/Woodhaven,2014,63227.003035776
440,hh_inc_med_adj,Median household income ($2017),Ozone Park/Woodhaven,2015,62317.81177319441
441,hh_inc_med_adj,Median household income ($2017),Ozone Park/Woodhaven,2016,67833.2508875515
442,hh_inc_med_adj,Median household income ($2017),Park Slope/Carroll Gardens,2000,77981.1506849315
443,hh_inc_med_adj,Median household income ($2017),Park Slope/Carroll Gardens,2005,87720.0
444,hh_inc_med_adj,Median household income ($2017),Park Slope/Carroll Gardens,2006,90283.3103760761
445,hh_inc_med_adj,Median household income ($2017),Park Slope/Carroll Gardens,2007,88540.0
446,hh_inc_med_adj,Median household income ($2017),Park Slope/Carroll Gardens,2008,92615.7233376594
447,hh_inc_med_adj,Median household income ($2017),Park Slope/Carroll Gardens,2009,102340.900327246
448,hh_inc_med_adj,Median household income ($2017),Park Slope/Carroll Gardens,2010,92464.2840773216
449,hh_inc_med_adj,Median household income ($2017),Park Slope/Carroll Gardens,2011,94623.3877231368
450,hh_inc_med_adj,Median household income ($2017),Park Slope/Carroll Gardens,2012,92641.6749806008
451,hh_inc_med_adj,Median household income ($2017),Park Slope/Carroll Gardens,2013,106420.834861564
452,hh_inc_med_adj,Median household income ($2017),Park Slope/Carroll Gardens,2014,116646.210659801
453,hh_inc_med_adj,Median household income ($2017),Park Slope/Carroll Gardens,2015,114876.24406082301
454,hh_inc_med_adj,Median household income ($2017),Park Slope/Carroll Gardens,2016,105906.16809371
455,hh_inc_med_adj,Median household income ($2017),Pelham Parkway,2000,51496.9863013699
456,hh_inc_med_adj,Median household income ($2017),Pelham Parkway,2005,49800.0
457,hh_inc_med_adj,Median household income ($2017),Pelham Parkway,2006,51230.501314000896
458,hh_inc_med_adj,Median household income ($2017),Pelham Parkway,2007,51450.0
459,hh_inc_med_adj,Median household income ($2017),Pelham Parkway,2008,49634.4384219321
460,hh_inc_med_adj,Median household income ($2017),Pelham Parkway,2009,54289.0578275098
461,hh_inc_med_adj,Median household income ($2017),Pelham Parkway,2010,48621.7586687923
462,hh_inc_med_adj,Median household income ($2017),Pelham Parkway,2011,44166.54179349099
463,hh_inc_med_adj,Median household income ($2017),Pelham Parkway,2012,45332.709234009504
464,hh_inc_med_adj,Median household income ($2017),Pelham Parkway,2013,45035.0967360113
465,hh_inc_med_adj,Median household income ($2017),Pelham Parkway,2014,49436.2417861123
466,hh_inc_med_adj,Median household income ($2017),Pelham Parkway,2015,46946.0161653068
467,hh_inc_med_adj,Median household income ($2017),Pelham Parkway,2016,51803.5148178384
468,hh_inc_med_adj,Median household income ($2017),Queens Village,2000,83439.8312328767
469,hh_inc_med_adj,Median household income ($2017),Queens Village,2005,83630.0
470,hh_inc_med_adj,Median household income ($2017),Queens Village,2006,80352.8154055279
471,hh_inc_med_adj,Median household income ($2017),Queens Village,2007,87070.0
472,hh_inc_med_adj,Median household income ($2017),Queens Village,2008,85297.4822505535
473,hh_inc_med_adj,Median household income ($2017),Queens Village,2009,81601.9609416236
474,hh_inc_med_adj,Median household income ($2017),Queens Village,2010,84806.585625083
475,hh_inc_med_adj,Median household income ($2017),Queens Village,2011,81691.5717065373
476,hh_inc_med_adj,Median household income ($2017),Queens Village,2012,77603.4153641503
477,hh_inc_med_adj,Median household income ($2017),Queens Village,2013,80383.5963447065
478,hh_inc_med_adj,Median household income ($2017),Queens Village,2014,78144.5515121239
479,hh_inc_med_adj,Median household income ($2017),Queens Village,2015,83522.5628075131
480,hh_inc_med_adj,Median household income ($2017),Queens Village,2016,82125.6335503958
481,hh_inc_med_adj,Median household income ($2017),Rego Park/Forest Hills,2000,70624.4383561644
482,hh_inc_med_adj,Median household income ($2017),Rego Park/Forest Hills,2005,64760.0
483,hh_inc_med_adj,Median household income ($2017),Rego Park/Forest Hills,2006,73103.87041232441
484,hh_inc_med_adj,Median household income ($2017),Rego Park/Forest Hills,2007,73650.0
485,hh_inc_med_adj,Median household income ($2017),Rego Park/Forest Hills,2008,75730.015183517
486,hh_inc_med_adj,Median household income ($2017),Rego Park/Forest Hills,2009,75276.306639924
487,hh_inc_med_adj,Median household income ($2017),Rego Park/Forest Hills,2010,61468.944134449295
488,hh_inc_med_adj,Median household income ($2017),Rego Park/Forest Hills,2011,71436.088778369
489,hh_inc_med_adj,Median household income ($2017),Rego Park/Forest Hills,2012,67158.703026272
490,hh_inc_med_adj,Median household income ($2017),Rego Park/Forest Hills,2013,64459.5207002215
491,hh_inc_med_adj,Median household income ($2017),Rego Park/Forest Hills,2014,63242.4808822964
492,hh_inc_med_adj,Median household income ($2017),Rego Park/Forest Hills,2015,73099.5042946292
493,hh_inc_med_adj,Median household income ($2017),Rego Park/Forest Hills,2016,71947.2303457179
494,hh_inc_med_adj,Median household income ($2017),Riverdale/Kingsbridge,2000,61796.3835616438
495,hh_inc_med_adj,Median household income ($2017),Riverdale/Kingsbridge,2005,59850.0
496,hh_inc_med_adj,Median household income ($2017),Riverdale/Kingsbridge,2006,59820.2212958768
497,hh_inc_med_adj,Median household income ($2017),Riverdale/Kingsbridge,2007,59430.0
498,hh_inc_med_adj,Median household income ($2017),Riverdale/Kingsbridge,2008,64496.4126184357
499,hh_inc_med_adj,Median household income ($2017),Riverdale/Kingsbridge,2009,59025.0782645413
500,hh_inc_med_adj,Median household income ($2017),Riverdale/Kingsbridge,2010,55787.8215092334
501,hh_inc_med_adj,Median household income ($2017),Riverdale/Kingsbridge,2011,59747.5915355364
502,hh_inc_med_adj,Median household income ($2017),Riverdale/Kingsbridge,2012,58424.4784391974
503,hh_inc_med_adj,Median household income ($2017),Riverdale/Kingsbridge,2013,63372.1962520393
504,hh_inc_med_adj,Median household income ($2017),Riverdale/Kingsbridge,2014,55951.38331476
505,hh_inc_med_adj,Median household income ($2017),Riverdale/Kingsbridge,2015,63601.8864130059
506,hh_inc_med_adj,Median household income ($2017),Riverdale/Kingsbridge,2016,59438.0819015435
507,hh_inc_med_adj,Median household income ($2017),Rockaways,2000,51349.8520547945
508,hh_inc_med_adj,Median household income ($2017),Rockaways,2005,55850.0
509,hh_inc_med_adj,Median household income ($2017),Rockaways,2006,53011.7123697327
510,hh_inc_med_adj,Median household income ($2017),Rockaways,2007,48790.0
511,hh_inc_med_adj,Median household income ($2017),Rockaways,2008,52574.9455005047
512,hh_inc_med_adj,Median household income ($2017),Rockaways,2009,58556.8052359337
513,hh_inc_med_adj,Median household income ($2017),Rockaways,2010,53426.6327886276
514,hh_inc_med_adj,Median household income ($2017),Rockaways,2011,45814.1830629991
515,hh_inc_med_adj,Median household income ($2017),Rockaways,2012,52021.5774304401
516,hh_inc_med_adj,Median household income ($2017),Rockaways,2013,48857.460373082904
517,hh_inc_med_adj,Median household income ($2017),Rockaways,2014,45648.2968143565
518,hh_inc_med_adj,Median household income ($2017),Rockaways,2015,53933.195987073894
519,hh_inc_med_adj,Median household income ($2017),Rockaways,2016,45231.3434207279
520,hh_inc_med_adj,Median household income ($2017),Sheepshead Bay/Gravesend,2000,55911.0136986301
521,hh_inc_med_adj,Median household income ($2017),Sheepshead Bay/Gravesend,2005,50950.0
522,hh_inc_med_adj,Median household income ($2017),Sheepshead Bay/Gravesend,2006,51597.93692795651
523,hh_inc_med_adj,Median household income ($2017),Sheepshead Bay/Gravesend,2007,52570.0
524,hh_inc_med_adj,Median household income ($2017),Sheepshead Bay/Gravesend,2008,52841.4360723041
525,hh_inc_med_adj,Median household income ($2017),Sheepshead Bay/Gravesend,2009,55770.977557268
526,hh_inc_med_adj,Median household income ($2017),Sheepshead Bay/Gravesend,2010,52338.568486780896
527,hh_inc_med_adj,Median household income ($2017),Sheepshead Bay/Gravesend,2011,51608.0268692626
528,hh_inc_med_adj,Median household income ($2017),Sheepshead Bay/Gravesend,2012,50328.09888039019
529,hh_inc_med_adj,Median household income ($2017),Sheepshead Bay/Gravesend,2013,53387.63040575
530,hh_inc_med_adj,Median household income ($2017),Sheepshead Bay/Gravesend,2014,54396.37566767861
531,hh_inc_med_adj,Median household income ($2017),Sheepshead Bay/Gravesend,2015,56071.6027909333
532,hh_inc_med_adj,Median household income ($2017),Sheepshead Bay/Gravesend,2016,61327.3517741537
533,hh_inc_med_adj,Median household income ($2017),Soundview/Parkchester,2000,43110.3342465753
534,hh_inc_med_adj,Median household income ($2017),Soundview/Parkchester,2005,41980.0
535,hh_inc_med_adj,Median household income ($2017),Soundview/Parkchester,2006,42133.428183053904
536,hh_inc_med_adj,Median household income ($2017),Soundview/Parkchester,2007,38950.0
537,hh_inc_med_adj,Median household income ($2017),Soundview/Parkchester,2008,45709.9661551772
538,hh_inc_med_adj,Median household income ($2017),Soundview/Parkchester,2009,38197.699904993104
539,hh_inc_med_adj,Median household income ($2017),Soundview/Parkchester,2010,43800.1622492361
540,hh_inc_med_adj,Median household income ($2017),Soundview/Parkchester,2011,38842.0589541333
541,hh_inc_med_adj,Median household income ($2017),Soundview/Parkchester,2012,35911.7381665004
542,hh_inc_med_adj,Median household income ($2017),Soundview/Parkchester,2013,33835.654919733795
543,hh_inc_med_adj,Median household income ($2017),Soundview/Parkchester,2014,37206.6793221381
544,hh_inc_med_adj,Median household income ($2017),Soundview/Parkchester,2015,37911.1185993138
545,hh_inc_med_adj,Median household income ($2017),Soundview/Parkchester,2016,38189.1485960549
546,hh_inc_med_adj,Median household income ($2017),South Crown Heights,2000,44581.6767123288
547,hh_inc_med_adj,Median household income ($2017),South Crown Heights,2005,46030.0
548,hh_inc_med_adj,Median household income ($2017),South Crown Heights,2006,41550.641232442205
549,hh_inc_med_adj,Median household income ($2017),South Crown Heights,2007,45130.0
550,hh_inc_med_adj,Median household income ($2017),South Crown Heights,2008,42518.9123851693
551,hh_inc_med_adj,Median household income ($2017),South Crown Heights,2009,42538.0126253563
552,hh_inc_med_adj,Median household income ($2017),South Crown Heights,2010,43248.3263584429
553,hh_inc_med_adj,Median household income ($2017),South Crown Heights,2011,40590.5098539468
554,hh_inc_med_adj,Median household income ($2017),South Crown Heights,2012,41035.7598935816
555,hh_inc_med_adj,Median household income ($2017),South Crown Heights,2013,48400.575003990896
556,hh_inc_med_adj,Median household income ($2017),South Crown Heights,2014,43146.0449602275
557,hh_inc_med_adj,Median household income ($2017),South Crown Heights,2015,46583.2599267725
558,hh_inc_med_adj,Median household income ($2017),South Crown Heights,2016,51793.3190818826
559,hh_inc_med_adj,Median household income ($2017),South Ozone Park/Howard Beach,2000,71212.97534246571
560,hh_inc_med_adj,Median household income ($2017),South Ozone Park/Howard Beach,2005,64040.0
561,hh_inc_med_adj,Median household income ($2017),South Ozone Park/Howard Beach,2006,68882.0108744903
562,hh_inc_med_adj,Median household income ($2017),South Ozone Park/Howard Beach,2007,69470.0
563,hh_inc_med_adj,Median household income ($2017),South Ozone Park/Howard Beach,2008,65894.9186960837
564,hh_inc_med_adj,Median household income ($2017),South Ozone Park/Howard Beach,2009,70345.2669270558
565,hh_inc_med_adj,Median household income ($2017),South Ozone Park/Howard Beach,2010,62771.053872724806
566,hh_inc_med_adj,Median household income ($2017),South Ozone Park/Howard Beach,2011,63451.5324683713
567,hh_inc_med_adj,Median household income ($2017),South Ozone Park/Howard Beach,2012,63647.3661456601
568,hh_inc_med_adj,Median household income ($2017),South Ozone Park/Howard Beach,2013,65522.798550030595
569,hh_inc_med_adj,Median household income ($2017),South Ozone Park/Howard Beach,2014,62887.5222687622
570,hh_inc_med_adj,Median household income ($2017),South Ozone Park/Howard Beach,2015,69366.8250447117
571,hh_inc_med_adj,Median household income ($2017),South Ozone Park/Howard Beach,2016,73896.6550604674
572,hh_inc_med_adj,Median household income ($2017),South Shore,2000,92694.5753424657
573,hh_inc_med_adj,Median household income ($2017),South Shore,2005,99460.0
574,hh_inc_med_adj,Median household income ($2017),South Shore,2006,99685.76873584051
575,hh_inc_med_adj,Median household income ($2017),South Shore,2007,90970.0
576,hh_inc_med_adj,Median household income ($2017),South Shore,2008,103392.64761517
577,hh_inc_med_adj,Median household income ($2017),South Shore,2009,87257.5199408846
578,hh_inc_med_adj,Median household income ($2017),South Shore,2010,91051.8071608875
579,hh_inc_med_adj,Median household income ($2017),South Shore,2011,88150.97586772061
580,hh_inc_med_adj,Median household income ($2017),South Shore,2012,87238.064516129
581,hh_inc_med_adj,Median household income ($2017),South Shore,2013,89040.3717590808
582,hh_inc_med_adj,Median household income ($2017),South Shore,2014,85353.10056488491
583,hh_inc_med_adj,Median household income ($2017),South Shore,2015,83689.51312183849
584,hh_inc_med_adj,Median household income ($2017),South Shore,2016,91793.230383688
585,hh_inc_med_adj,Median household income ($2017),Stuyvesant Town/Turtle Bay,2000,100051.287671233
586,hh_inc_med_adj,Median household income ($2017),Stuyvesant Town/Turtle Bay,2005,106650.0
587,hh_inc_med_adj,Median household income ($2017),Stuyvesant Town/Turtle Bay,2006,109152.71082918
588,hh_inc_med_adj,Median household income ($2017),Stuyvesant Town/Turtle Bay,2007,112480.0
589,hh_inc_med_adj,Median household income ($2017),Stuyvesant Town/Turtle Bay,2008,122805.46080701699
590,hh_inc_med_adj,Median household income ($2017),Stuyvesant Town/Turtle Bay,2009,111910.45083922699
591,hh_inc_med_adj,Median household income ($2017),Stuyvesant Town/Turtle Bay,2010,101582.396705195
592,hh_inc_med_adj,Median household income ($2017),Stuyvesant Town/Turtle Bay,2011,110075.444497372
593,hh_inc_med_adj,Median household income ($2017),Stuyvesant Town/Turtle Bay,2012,98260.0266045893
594,hh_inc_med_adj,Median household income ($2017),Stuyvesant Town/Turtle Bay,2013,112994.96575595801
595,hh_inc_med_adj,Median household income ($2017),Stuyvesant Town/Turtle Bay,2014,108989.835914383
596,hh_inc_med_adj,Median household income ($2017),Stuyvesant Town/Turtle Bay,2015,110117.129545053
597,hh_inc_med_adj,Median household income ($2017),Stuyvesant Town/Turtle Bay,2016,112561.94452565801
598,hh_inc_med_adj,Median household income ($2017),Sunnyside/Woodside,2000,58853.698630137005
599,hh_inc_med_adj,Median household income ($2017),Sunnyside/Woodside,2005,50950.0
600,hh_inc_med_adj,Median household income ($2017),Sunnyside/Woodside,2006,54390.204259175305
601,hh_inc_med_adj,Median household income ($2017),Sunnyside/Woodside,2007,61830.0
602,hh_inc_med_adj,Median household income ($2017),Sunnyside/Woodside,2008,61859.9781153778
603,hh_inc_med_adj,Median household income ($2017),Sunnyside/Woodside,2009,62500.276406629404
604,hh_inc_med_adj,Median household income ($2017),Sunnyside/Woodside,2010,58186.914109206795
605,hh_inc_med_adj,Median household income ($2017),Sunnyside/Woodside,2011,54312.5432951986
606,hh_inc_med_adj,Median household income ($2017),Sunnyside/Woodside,2012,52990.038798359405
607,hh_inc_med_adj,Median household income ($2017),Sunnyside/Woodside,2013,64649.8024786534
608,hh_inc_med_adj,Median household income ($2017),Sunnyside/Woodside,2014,59089.2587326596
609,hh_inc_med_adj,Median household income ($2017),Sunnyside/Woodside,2015,62047.8057092855
610,hh_inc_med_adj,Median household income ($2017),Sunnyside/Woodside,2016,63493.9456647618
611,hh_inc_med_adj,Median household income ($2017),Sunset Park,2000,48848.5698630137
612,hh_inc_med_adj,Median household income ($2017),Sunset Park,2005,46860.0
613,hh_inc_med_adj,Median household income ($2017),Sunset Park,2006,57021.8705935659
614,hh_inc_med_adj,Median household income ($2017),Sunset Park,2007,44780.0
615,hh_inc_med_adj,Median household income ($2017),Sunset Park,2008,50002.286518903
616,hh_inc_med_adj,Median household income ($2017),Sunset Park,2009,44381.6250818115
617,hh_inc_med_adj,Median household income ($2017),Sunset Park,2010,45040.9568885346
618,hh_inc_med_adj,Median household income ($2017),Sunset Park,2011,46116.6119539153
619,hh_inc_med_adj,Median household income ($2017),Sunset Park,2012,44032.5684513912
620,hh_inc_med_adj,Median household income ($2017),Sunset Park,2013,47126.105290208
621,hh_inc_med_adj,Median household income ($2017),Sunset Park,2014,49581.7335434039
622,hh_inc_med_adj,Median household income ($2017),Sunset Park,2015,46603.8710766893
623,hh_inc_med_adj,Median household income ($2017),Sunset Park,2016,54307.5875685835
624,hh_inc_med_adj,Median household income ($2017),Throgs Neck/Co-op City,2000,64739.068493150706
625,hh_inc_med_adj,Median household income ($2017),Throgs Neck/Co-op City,2005,54450.0
626,hh_inc_med_adj,Median household income ($2017),Throgs Neck/Co-op City,2006,62996.9576801087
627,hh_inc_med_adj,Median household income ($2017),Throgs Neck/Co-op City,2007,61380.0
628,hh_inc_med_adj,Median household income ($2017),Throgs Neck/Co-op City,2008,66564.56167137441
629,hh_inc_med_adj,Median household income ($2017),Throgs Neck/Co-op City,2009,52623.4571519054
630,hh_inc_med_adj,Median household income ($2017),Throgs Neck/Co-op City,2010,52650.718081572995
631,hh_inc_med_adj,Median household income ($2017),Throgs Neck/Co-op City,2011,57923.262419364
632,hh_inc_med_adj,Median household income ($2017),Throgs Neck/Co-op City,2012,54570.8313934154
633,hh_inc_med_adj,Median household income ($2017),Throgs Neck/Co-op City,2013,58609.924269856296
634,hh_inc_med_adj,Median household income ($2017),Throgs Neck/Co-op City,2014,56712.893363562995
635,hh_inc_med_adj,Median household income ($2017),Throgs Neck/Co-op City,2015,52414.1542382118
636,hh_inc_med_adj,Median household income ($2017),Throgs Neck/Co-op City,2016,60562.67157746849
637,hh_inc_med_adj,Median household income ($2017),University Heights/Fordham,2000,31619.1495890411
638,hh_inc_med_adj,Median household income ($2017),University Heights/Fordham,2005,24000.0
639,hh_inc_med_adj,Median household income ($2017),University Heights/Fordham,2006,24780.003806071603
640,hh_inc_med_adj,Median household income ($2017),University Heights/Fordham,2007,27990.0
641,hh_inc_med_adj,Median household income ($2017),University Heights/Fordham,2008,30690.8308522279
642,hh_inc_med_adj,Median household income ($2017),University Heights/Fordham,2009,27477.308898976
643,hh_inc_med_adj,Median household income ($2017),University Heights/Fordham,2010,28597.362162880298
644,hh_inc_med_adj,Median household income ($2017),University Heights/Fordham,2011,28130.2227532921
645,hh_inc_med_adj,Median household income ($2017),University Heights/Fordham,2012,22958.1687174371
646,hh_inc_med_adj,Median household income ($2017),University Heights/Fordham,2013,25364.979266682996
647,hh_inc_med_adj,Median household income ($2017),University Heights/Fordham,2014,21536.9075048995
648,hh_inc_med_adj,Median household income ($2017),University Heights/Fordham,2015,24920.9413643028
649,hh_inc_med_adj,Median household income ($2017),University Heights/Fordham,2016,27136.970819964703
650,hh_inc_med_adj,Median household income ($2017),Upper East Side,2000,110350.684931507
651,hh_inc_med_adj,Median household income ($2017),Upper East Side,2005,102540.0
652,hh_inc_med_adj,Median household income ($2017),Upper East Side,2006,117095.160126869
653,hh_inc_med_adj,Median household income ($2017),Upper East Side,2007,119360.0
654,hh_inc_med_adj,Median household income ($2017),Upper East Side,2008,125482.893859582
655,hh_inc_med_adj,Median household income ($2017),Upper East Side,2009,112041.975467117
656,hh_inc_med_adj,Median household income ($2017),Upper East Side,2010,106439.66736415599
657,hh_inc_med_adj,Median household income ($2017),Upper East Side,2011,114052.547009099
658,hh_inc_med_adj,Median household income ($2017),Upper East Side,2012,105589.929054429
659,hh_inc_med_adj,Median household income ($2017),Upper East Side,2013,112590.355600721
660,hh_inc_med_adj,Median household income ($2017),Upper East Side,2014,118909.071821081
661,hh_inc_med_adj,Median household income ($2017),Upper East Side,2015,105583.707120871
662,hh_inc_med_adj,Median household income ($2017),Upper East Side,2016,119260.543048621
663,hh_inc_med_adj,Median household income ($2017),Upper West Side,2000,97108.60273972599
664,hh_inc_med_adj,Median household income ($2017),Upper West Side,2005,104140.0
665,hh_inc_med_adj,Median household income ($2017),Upper West Side,2006,110270.83443588599
666,hh_inc_med_adj,Median household income ($2017),Upper West Side,2007,100740.0
667,hh_inc_med_adj,Median household income ($2017),Upper West Side,2008,117308.238627206
668,hh_inc_med_adj,Median household income ($2017),Upper West Side,2009,119920.980977515
669,hh_inc_med_adj,Median household income ($2017),Upper West Side,2010,100334.91314600801
670,hh_inc_med_adj,Median household income ($2017),Upper West Side,2011,99899.0917091209
671,hh_inc_med_adj,Median household income ($2017),Upper West Side,2012,97609.4246757566
672,hh_inc_med_adj,Median household income ($2017),Upper West Side,2013,103790.346100384
673,hh_inc_med_adj,Median household income ($2017),Upper West Side,2014,109563.54809207199
674,hh_inc_med_adj,Median household income ($2017),Upper West Side,2015,104126.498821759
675,hh_inc_med_adj,Median household income ($2017),Upper West Side,2016,113447.95398021801
676,hh_inc_med_adj,Median household income ($2017),Washington Heights/Inwood,2000,44140.27397260269
677,hh_inc_med_adj,Median household income ($2017),Washington Heights/Inwood,2005,39340.0
678,hh_inc_med_adj,Median household income ($2017),Washington Heights/Inwood,2006,39526.0953330313
679,hh_inc_med_adj,Median household income ($2017),Washington Heights/Inwood,2007,41150.0
680,hh_inc_med_adj,Median household income ($2017),Washington Heights/Inwood,2008,43138.446022173
681,hh_inc_med_adj,Median household income ($2017),Washington Heights/Inwood,2009,42056.1336007601
682,hh_inc_med_adj,Median household income ($2017),Washington Heights/Inwood,2010,45898.253454231395
683,hh_inc_med_adj,Median household income ($2017),Washington Heights/Inwood,2011,40736.8464140676
684,hh_inc_med_adj,Median household income ($2017),Washington Heights/Inwood,2012,38550.2904334331
685,hh_inc_med_adj,Median household income ($2017),Washington Heights/Inwood,2013,39166.6812286583
686,hh_inc_med_adj,Median household income ($2017),Washington Heights/Inwood,2014,46595.541021404104
687,hh_inc_med_adj,Median household income ($2017),Washington Heights/Inwood,2015,46692.4990213311
688,hh_inc_med_adj,Median household income ($2017),Washington Heights/Inwood,2016,53049.4337516375
689,hh_inc_med_adj,Median household income ($2017),Williamsbridge/Baychester,2000,54439.6712328767
690,hh_inc_med_adj,Median household income ($2017),Williamsbridge/Baychester,2005,49200.0
691,hh_inc_med_adj,Median household income ($2017),Williamsbridge/Baychester,2006,55505.8945174445
692,hh_inc_med_adj,Median household income ($2017),Williamsbridge/Baychester,2007,53940.0
693,hh_inc_med_adj,Median household income ($2017),Williamsbridge/Baychester,2008,52950.765537657695
694,hh_inc_med_adj,Median household income ($2017),Williamsbridge/Baychester,2009,52343.4004011401
695,hh_inc_med_adj,Median household income ($2017),Williamsbridge/Baychester,2010,49023.09386209639
696,hh_inc_med_adj,Median household income ($2017),Williamsbridge/Baychester,2011,46866.7223213493
697,hh_inc_med_adj,Median household income ($2017),Williamsbridge/Baychester,2012,43992.1715996009
698,hh_inc_med_adj,Median household income ($2017),Williamsbridge/Baychester,2013,47709.496676828894
699,hh_inc_med_adj,Median household income ($2017),Williamsbridge/Baychester,2014,46336.5450562963
700,hh_inc_med_adj,Median household income ($2017),Williamsbridge/Baychester,2015,48922.6254423199
701,hh_inc_med_adj,Median household income ($2017),Williamsbridge/Baychester,2016,52386.7109145103
702,hh_inc_med_adj,Median household income ($2017),Williamsburg/Greenpoint,2000,39534.9720547945
703,hh_inc_med_adj,Median household income ($2017),Williamsburg/Greenpoint,2005,37710.0
704,hh_inc_med_adj,Median household income ($2017),Williamsburg/Greenpoint,2006,39307.09397372
705,hh_inc_med_adj,Median household income ($2017),Williamsburg/Greenpoint,2007,47390.0
706,hh_inc_med_adj,Median household income ($2017),Williamsburg/Greenpoint,2008,46975.2269469255
707,hh_inc_med_adj,Median household income ($2017),Williamsburg/Greenpoint,2009,44482.536218726906
708,hh_inc_med_adj,Median household income ($2017),Williamsburg/Greenpoint,2010,46686.431181081396
709,hh_inc_med_adj,Median household income ($2017),Williamsburg/Greenpoint,2011,50950.0543359788
710,hh_inc_med_adj,Median household income ($2017),Williamsburg/Greenpoint,2012,53470.5487196541
711,hh_inc_med_adj,Median household income ($2017),Williamsburg/Greenpoint,2013,54804.2887012183
712,hh_inc_med_adj,Median household income ($2017),Williamsburg/Greenpoint,2014,59659.875341044404
713,hh_inc_med_adj,Median household income ($2017),Williamsburg/Greenpoint,2015,69157.6218730571
714,hh_inc_med_adj,Median household income ($2017),Williamsburg/Greenpoint,2016,71054.0838759896
