oldest_review,category_afghani,category_african,category_aquariumservices,category_arcades,category_argentine,category_artmuseums,category_asianfusion,category_australian,category_bagels,category_bakeries,category_bars,category_basque,category_bbq,category_beerbar,category_belgian,category_bookstores,category_bowling,category_brazilian,category_breakfast_brunch,category_british,category_bubbletea,category_buffets,category_burgers,category_cafes,category_cafeteria,category_cajun,category_cambodian,category_cantonese,category_caribbean,category_catering,category_champagne_bars,category_cheese,category_cheesesteaks,category_chicken_wings,category_chickenshop,category_chinese,category_chocolate,category_cigarbars,category_cocktailbars,category_coffee,category_coffeeroasteries,category_comedyclubs,category_comfortfood,category_convenience,category_creperies,category_cuban,category_cupcakes,category_customcakes,category_danceclubs,category_delis,category_desserts,category_dimsum,category_diners,category_divebars,category_dominican,category_donuts,category_egyptian,category_empanadas,category_ethiopian,category_eventplanning,category_falafel,category_filipino,category_fishnchips,category_fondue,category_food_court,category_fooddeliveryservices,category_foodstands,category_foodtrucks,category_french,category_gastropubs,category_gaybars,category_gelato,category_german,category_gluten_free,category_golf,category_golflessons,category_gourmet,category_greek,category_grocery,category_haitian,category_halal,category_hawaiian,category_healthmarkets,category_hennaartists,category_hiking,category_hobbyshops,category_hookah_bars,category_hotdog,category_hotdogs,category_hotels,category_hotpot,category_icecream,category_indpak,category_irish,category_irish_pubs,category_italian,category_izakaya,category_japacurry,category_japanese,category_jazzandblues,category_juicebars,category_karaoke,category_kebab,category_korean,category_kosher,category_landmarks,category_latin,category_lebanese,category_libraries,category_localflavor,category_lounges,category_macarons,category_mags,category_malaysian,category_meats,category_mediterranean,category_mexican,category_mideastern,category_modern_european,category_moroccan,category_museums,category_musicvenues,category_newamerican,category_newmexican,category_noodles,category_pakistani,category_panasian,category_parks,category_persian,category_peruvian,category_pianobars,category_pizza,category_poke,category_polish,category_poolhalls,category_portuguese,category_publicart,category_pubs,category_rafting,category_ramen,category_russian,category_salad,category_sandwiches,category_scandinavian,category_seafood,category_seafoodmarkets,category_shanghainese,category_shavedice,category_shoppingcenters,category_soulfood,category_soup,category_southern,category_spanish,category_speakeasies,category_sports_clubs,category_sportsbars,category_steak,category_streetvendors,category_sushi,category_szechuan,category_tacos,category_taiwanese,category_tapas,category_tapasmallplates,category_tea,category_tex-mex,category_thai,category_theater,category_tours,category_tradamerican,category_turkish,category_tuscan,category_vegan,category_vegetarian,category_venezuelan,category_venues,category_vietnamese,category_waffles,category_walkingtours,category_whiskeybars,category_wine_bars,category_zoos
2011-11,1,1,1,0,0,3,4,1,8,43,35,1,7,0,1,1,1,6,18,0,0,1,29,13,0,1,2,0,1,2,1,2,1,3,0,17,1,1,6,54,1,0,0,1,1,9,0,0,4,28,6,1,18,10,1,3,1,0,2,0,1,0,1,0,3,0,8,2,40,4,15,3,2,0,2,0,1,8,5,0,5,0,1,0,1,1,0,1,2,1,0,14,22,11,5,126,0,1,41,4,2,4,0,19,3,13,6,0,1,2,34,2,1,0,1,11,33,13,0,0,10,1,84,0,1,1,0,10,0,1,0,62,0,0,2,1,1,29,1,6,4,7,35,2,19,1,1,0,0,0,5,5,14,1,1,17,28,2,22,4,2,0,4,1,2,2,22,0,0,48,7,1,3,9,1,2,5,0,0,1,19,1
2011-12,1,1,1,0,1,3,4,1,8,44,36,1,7,0,1,1,1,6,18,0,0,1,30,14,0,1,2,0,1,2,1,2,1,3,0,17,1,1,6,55,1,0,0,1,1,9,0,0,4,29,6,1,18,10,1,3,1,0,2,0,1,0,1,0,3,0,8,2,40,4,15,3,2,0,2,0,1,8,5,0,5,0,1,0,1,1,0,1,2,1,0,14,22,11,5,127,0,1,41,4,2,4,0,19,3,13,6,0,1,2,34,2,1,0,1,11,33,13,0,0,10,1,86,0,1,1,0,10,0,1,0,62,0,0,2,1,1,31,1,6,4,7,36,2,19,1,1,0,0,0,5,5,14,1,1,17,29,2,22,4,2,0,4,1,2,2,22,0,0,48,7,1,3,9,1,2,6,1,0,1,19,1
2012-01,1,1,1,0,1,3,4,1,8,45,36,1,7,0,1,1,1,6,18,0,0,1,30,14,0,1,2,0,1,2,1,2,1,3,0,18,1,1,7,56,1,0,0,1,1,9,0,0,4,29,7,1,18,10,1,3,1,0,2,0,1,0,1,0,3,0,8,2,40,4,15,3,2,0,2,0,1,9,5,0,5,0,1,0,1,1,0,1,2,1,0,14,22,11,5,127,0,1,41,4,2,4,0,20,3,13,6,0,1,2,34,2,1,0,1,12,36,13,0,0,10,1,86,0,1,1,0,10,0,2,0,62,0,0,2,1,1,31,1,6,4,7,37,2,19,1,1,0,0,0,5,5,14,1,1,17,30,3,22,4,2,0,4,1,2,2,23,0,0,48,7,1,3,9,1,2,6,1,0,1,19,1
2012-02,1,1,1,0,1,3,4,1,8,45,36,1,7,1,1,1,1,6,18,0,0,1,31,14,0,1,2,0,1,2,1,2,1,3,0,18,1,1,7,57,1,0,0,1,1,9,0,0,4,29,7,1,18,10,1,3,1,0,2,0,1,0,1,0,3,0,8,2,41,4,15,3,2,0,2,0,1,9,5,0,5,0,1,0,1,1,0,1,2,1,0,14,22,11,5,127,0,1,41,4,2,4,0,20,3,13,6,0,1,2,34,2,1,0,1,13,36,13,0,0,10,1,86,0,1,1,0,10,0,2,0,63,0,0,2,1,1,31,1,6,4,7,38,2,19,1,1,0,0,0,5,5,14,1,1,17,30,3,22,4,2,0,4,1,2,2,24,0,0,49,7,1,3,9,1,2,6,1,0,1,19,1
2012-03,1,1,1,0,1,3,4,1,8,46,36,1,7,1,1,1,1,6,18,1,0,1,31,16,0,1,2,0,1,2,1,2,1,4,0,18,1,1,7,58,1,0,0,1,1,9,0,0,4,29,7,1,18,10,1,3,1,0,2,0,2,0,1,0,3,0,8,2,42,4,15,3,2,0,2,0,1,10,5,0,6,0,1,0,1,1,0,1,2,1,0,14,22,11,5,127,0,1,42,4,2,4,0,20,3,13,6,0,1,2,34,2,1,0,1,14,37,13,0,0,10,1,87,0,1,1,0,10,0,2,0,63,0,0,2,1,1,32,1,6,4,7,38,2,19,1,1,0,0,0,5,5,14,1,1,18,30,4,23,4,2,0,4,1,2,2,24,0,0,49,7,1,3,9,1,2,6,1,0,1,20,1
2012-04,1,2,1,0,1,3,4,1,8,47,36,1,7,1,1,1,1,6,19,1,0,1,31,16,0,1,2,0,1,2,1,2,1,4,0,19,2,1,7,59,1,0,0,1,1,9,0,0,4,29,7,1,18,10,1,3,1,0,2,0,2,0,1,0,3,0,9,2,42,4,15,3,3,0,2,0,1,10,5,0,6,0,1,0,1,1,0,1,2,1,0,14,22,11,5,128,0,1,44,4,2,5,0,20,3,13,6,0,1,2,34,2,1,0,1,16,37,13,0,0,10,1,87,0,1,1,0,10,0,2,0,64,0,0,2,1,1,32,1,6,4,7,39,2,19,1,1,0,0,0,5,5,14,1,1,18,30,4,23,4,2,0,4,1,2,2,24,0,0,49,7,1,3,9,1,2,6,1,0,1,20,1
2012-05,1,2,1,0,1,3,4,1,8,47,36,1,7,1,1,1,1,6,19,1,0,1,31,17,0,1,2,0,1,2,1,2,1,4,0,19,2,1,8,60,1,0,0,1,1,9,0,0,4,29,8,1,18,10,1,3,1,0,2,0,2,0,1,0,3,0,9,2,42,4,15,3,3,0,2,0,1,10,5,0,6,0,1,0,1,1,0,1,2,1,0,15,23,11,5,128,0,1,44,4,2,5,0,20,3,13,6,0,1,2,35,2,1,0,1,16,38,13,0,0,10,1,88,0,1,1,0,10,0,2,0,64,0,0,2,1,1,34,1,6,4,7,39,2,19,1,1,0,0,0,5,5,14,1,1,18,30,4,23,4,2,0,4,1,2,2,25,0,0,49,7,1,3,9,1,2,6,1,0,1,20,1
2012-06,1,2,1,0,1,3,5,1,9,47,36,1,7,1,1,1,1,6,19,2,0,1,32,18,0,1,2,0,1,2,1,2,1,4,0,19,2,1,8,60,1,0,0,1,1,9,0,0,4,30,9,1,18,10,1,3,1,0,2,0,2,0,1,0,3,0,9,2,43,4,15,3,3,0,2,0,1,10,5,0,6,0,1,0,1,1,0,1,2,1,0,16,24,11,5,131,0,1,44,4,2,5,0,20,3,13,6,0,1,2,35,2,1,0,1,16,38,13,0,0,10,1,88,0,1,1,0,10,0,2,0,65,0,0,2,1,1,34,1,6,4,8,39,2,19,1,1,0,0,0,5,5,14,1,1,18,30,4,23,5,2,0,4,1,2,2,25,0,0,49,7,1,3,9,1,2,6,2,1,1,20,1
2012-07,1,2,1,0,1,3,5,1,9,48,36,1,7,1,1,1,1,6,19,2,0,1,32,18,0,1,2,0,1,2,1,2,1,4,0,20,2,1,9,61,1,0,0,1,1,9,0,0,4,30,9,1,18,10,1,3,1,0,2,0,2,0,1,0,3,0,10,2,43,4,15,3,3,0,2,0,1,10,5,0,6,0,1,0,1,1,0,1,2,1,0,16,24,11,5,132,0,1,44,4,2,5,0,20,3,13,6,0,1,2,36,2,1,0,1,16,38,13,0,0,10,1,89,0,1,1,0,10,0,2,0,65,0,0,2,1,1,34,1,6,4,8,39,2,19,1,1,0,0,0,5,5,14,1,1,18,30,4,24,5,2,0,4,1,2,2,25,0,0,49,7,1,3,9,1,2,6,2,1,1,20,1
2012-08,1,2,1,0,1,3,5,1,9,48,36,1,7,1,2,1,1,6,19,2,0,1,32,19,1,1,2,0,1,2,1,2,1,4,0,20,2,1,9,61,1,0,0,1,1,9,0,0,4,30,9,1,18,10,1,3,1,0,2,0,2,0,1,0,3,0,10,2,43,4,15,3,3,0,2,0,1,10,5,0,6,0,1,0,1,1,0,1,2,1,0,16,25,11,5,132,0,1,45,4,2,5,0,20,3,13,6,0,1,2,36,2,1,0,1,16,38,13,0,0,10,1,89,0,1,1,0,10,0,2,0,65,0,0,2,1,1,34,1,6,4,8,39,2,19,1,1,0,0,0,5,5,14,1,1,18,30,4,24,5,2,0,5,1,2,2,25,0,0,49,8,1,4,9,1,2,6,2,1,1,20,1
2012-09,1,2,1,0,1,3,5,1,9,48,36,1,8,1,2,1,1,6,20,2,0,1,32,19,1,1,2,0,1,2,1,2,1,4,0,20,2,1,9,63,1,0,0,1,1,9,0,0,4,30,9,1,18,10,1,3,1,0,2,0,2,0,1,0,3,0,10,2,43,4,15,3,3,0,2,0,1,10,5,0,6,0,1,0,1,1,0,1,2,1,0,16,25,11,5,134,0,1,45,4,2,5,0,21,3,13,6,0,1,3,36,2,1,0,1,16,38,13,0,0,10,1,91,0,1,1,0,10,0,2,0,65,0,0,2,1,1,34,1,6,4,8,39,2,19,1,1,0,0,0,5,5,15,1,1,18,30,4,25,5,2,0,5,1,2,2,26,0,0,49,8,1,4,9,1,2,6,2,1,1,20,1
2012-10,1,2,1,0,1,3,5,1,9,48,36,1,8,1,2,1,1,6,20,2,0,1,32,19,1,1,2,0,1,2,1,2,1,4,0,20,2,1,9,63,1,0,0,1,1,9,0,0,4,30,10,1,18,10,1,3,1,0,2,0,2,0,1,0,3,0,10,2,45,4,15,3,3,0,2,0,1,10,5,0,6,0,1,0,1,1,0,1,2,1,0,16,26,12,5,134,0,1,45,4,2,5,0,22,3,13,6,0,1,3,38,2,1,0,1,16,38,13,0,0,10,1,95,0,1,1,0,10,0,2,0,65,0,0,2,1,1,34,1,6,4,8,40,2,19,1,1,0,0,0,5,5,15,1,1,18,31,4,25,5,2,0,5,1,2,2,27,0,1,51,8,1,4,9,1,2,6,2,1,1,20,1
2012-11,1,2,1,0,1,3,5,1,9,48,36,1,8,1,3,1,1,6,20,2,0,1,32,19,1,1,2,0,1,2,1,2,1,4,0,20,2,1,10,65,1,0,0,1,1,9,0,0,4,30,10,1,18,10,1,3,1,0,2,0,2,0,1,0,3,0,10,2,45,4,15,3,3,0,2,0,1,10,5,0,6,0,1,0,1,1,0,1,2,1,0,16,26,12,5,136,0,1,45,4,2,5,0,24,3,13,6,0,1,3,38,2,1,0,1,16,38,13,0,0,10,1,97,0,1,1,0,10,0,3,0,66,0,0,2,1,1,34,1,6,4,8,40,2,19,1,1,0,0,0,5,5,15,1,1,18,32,4,25,5,2,0,5,1,2,2,27,0,1,51,8,1,4,9,1,2,6,2,1,1,20,1
2012-12,1,2,1,0,1,3,5,1,9,50,36,1,8,1,3,1,1,6,20,2,0,1,32,19,1,1,2,0,1,2,1,2,1,4,0,20,3,1,11,65,1,0,0,1,1,9,0,0,4,30,11,1,18,10,1,3,1,0,2,0,2,0,1,0,3,0,10,2,46,4,15,3,3,0,2,0,1,10,5,0,6,0,1,0,1,1,0,1,3,1,0,16,26,13,5,139,0,1,45,4,2,5,0,25,3,13,6,0,1,3,38,2,1,0,1,16,39,13,0,0,10,1,99,0,1,1,0,10,1,3,0,66,0,0,2,1,1,34,1,6,4,8,40,2,20,1,1,0,0,0,5,5,15,1,1,18,32,4,25,5,2,0,5,1,2,2,27,0,1,51,8,1,4,9,1,2,6,2,1,1,20,1
2013-01,1,2,1,0,1,3,5,1,9,52,36,1,8,1,3,1,1,6,20,2,0,1,33,21,1,1,2,0,1,2,1,2,1,4,0,20,3,1,11,65,1,0,0,1,1,9,0,0,4,30,11,1,18,10,1,3,1,0,2,0,2,0,1,0,3,0,10,2,46,4,15,3,3,0,2,0,1,10,5,0,6,0,1,0,1,1,0,1,3,1,0,16,26,13,5,139,0,1,45,4,2,6,0,25,3,13,6,0,1,3,39,2,1,0,1,16,39,13,0,0,10,1,100,0,1,1,0,10,1,3,0,66,0,0,2,1,1,34,1,6,4,9,40,2,20,1,1,0,0,0,5,5,15,1,1,19,32,4,25,5,2,0,5,1,2,2,28,0,1,51,8,1,4,9,1,2,6,2,1,1,20,1
2013-02,1,2,1,0,1,3,5,1,9,52,36,1,8,1,3,1,1,6,21,2,0,1,34,21,1,1,3,0,1,2,1,2,1,4,0,20,3,1,11,66,1,0,0,1,1,9,0,0,4,30,11,1,18,10,1,3,1,0,2,0,2,0,1,0,3,0,10,2,46,4,15,3,3,0,2,0,1,10,5,0,6,0,1,0,1,1,0,1,3,1,0,16,26,13,6,140,0,1,45,4,2,6,0,25,3,13,7,0,1,3,39,2,1,0,1,16,39,13,0,0,10,1,102,0,1,1,0,10,1,3,0,67,0,0,2,1,1,34,1,6,4,9,40,2,20,1,1,0,0,0,5,5,15,1,1,19,32,5,26,5,2,0,5,1,2,2,28,0,1,51,8,1,4,9,1,2,6,2,1,1,20,1
2013-03,1,2,1,0,1,3,5,1,9,52,38,1,8,1,3,1,1,6,21,2,0,1,34,21,1,1,3,0,1,2,1,2,1,4,0,20,3,1,11,69,1,0,0,1,1,9,0,0,4,30,11,1,18,10,1,3,1,0,2,0,2,0,1,0,3,0,10,3,46,4,15,3,3,0,2,0,1,10,5,0,6,0,1,0,1,1,0,1,3,1,0,16,27,13,6,142,0,1,46,4,2,6,0,26,3,13,7,0,1,3,39,2,1,0,1,16,39,13,0,1,10,1,104,0,1,1,0,10,1,3,0,68,0,1,2,1,1,34,1,6,4,9,40,2,20,1,1,0,0,0,5,5,15,1,1,19,32,5,27,5,2,0,5,1,2,2,28,0,1,51,8,1,4,9,1,2,6,2,1,1,21,1
2013-04,1,2,1,0,1,3,5,1,9,52,38,1,8,1,3,1,1,6,21,2,0,1,34,21,1,1,3,0,1,2,1,2,1,4,0,21,3,1,11,71,1,0,0,1,1,9,0,0,4,30,11,1,18,10,2,3,1,0,2,0,2,0,1,0,3,0,10,3,46,4,15,3,3,0,2,0,1,10,5,0,6,0,1,0,1,1,0,1,3,1,0,16,27,13,6,142,0,1,48,4,2,6,0,27,3,13,7,0,1,3,39,2,1,0,1,16,39,13,0,1,10,1,104,0,1,1,0,10,1,3,0,68,0,1,2,1,1,35,1,6,4,9,40,2,21,1,1,0,0,0,5,5,15,1,1,19,32,5,27,5,2,0,5,1,2,2,28,0,1,52,8,1,4,9,1,2,6,2,1,1,21,1
2013-05,1,2,1,0,1,3,5,1,9,53,39,1,8,1,3,1,1,6,21,2,0,1,35,21,1,1,4,0,1,2,1,2,1,5,0,21,3,1,11,74,1,0,0,1,1,9,0,0,4,30,11,1,18,10,2,3,1,0,2,0,2,0,1,0,3,0,10,3,46,4,15,3,3,0,2,0,1,11,5,1,6,0,1,0,1,1,0,1,3,1,0,16,28,13,6,142,0,1,48,4,2,6,0,27,3,13,7,0,1,3,39,2,1,0,1,16,39,13,0,1,10,1,105,0,1,1,0,10,1,3,0,68,0,1,2,1,1,35,1,6,4,9,41,2,22,1,1,0,0,0,5,5,15,1,1,19,32,5,27,5,3,0,5,2,2,2,30,0,1,52,8,1,4,9,1,2,6,2,1,1,21,1
2013-06,1,2,1,0,1,3,6,1,9,53,39,1,8,1,3,1,1,6,21,2,0,1,35,21,1,1,4,0,1,2,1,2,1,5,0,21,3,1,11,74,1,0,0,1,1,9,0,0,4,30,11,1,18,10,3,3,1,0,2,1,2,0,1,0,3,0,10,3,46,4,15,3,3,0,2,0,1,11,6,1,6,0,1,0,1,1,0,1,3,1,0,16,28,13,6,142,0,1,48,4,2,6,0,27,3,13,7,0,1,3,40,2,1,0,1,18,39,13,0,1,10,1,105,0,1,1,0,10,1,3,0,69,0,1,2,1,1,35,1,7,4,9,41,2,22,1,1,0,0,0,5,5,15,1,1,19,32,5,28,5,3,0,5,2,2,2,30,0,1,52,8,1,4,9,1,2,6,2,1,1,22,1
2013-07,1,2,1,0,1,3,6,1,9,53,40,1,8,2,3,1,1,6,21,2,0,1,35,21,1,1,4,0,1,2,1,2,1,5,0,21,3,1,11,75,1,0,0,1,1,9,0,0,4,30,12,1,18,10,3,3,1,0,2,1,2,0,1,0,3,0,10,4,46,4,15,3,3,0,2,0,1,11,6,1,6,0,1,0,1,1,0,1,3,1,0,18,28,13,6,143,0,1,48,4,2,6,0,27,3,13,7,0,1,3,40,2,1,0,1,18,39,13,0,1,10,1,106,0,1,1,0,10,1,3,0,69,0,1,2,1,1,35,1,7,4,10,42,2,22,1,1,0,0,0,5,5,15,1,1,19,32,6,28,5,3,0,6,2,2,2,31,0,1,52,8,1,4,9,1,2,7,2,1,1,22,1
2013-08,1,2,1,0,1,3,6,1,9,54,40,1,8,2,3,1,1,6,21,2,0,1,35,21,1,1,4,0,1,2,1,2,1,5,0,21,3,1,12,77,1,0,0,1,1,9,0,0,4,30,12,1,18,10,3,3,1,0,2,1,2,0,1,0,3,0,10,4,46,4,15,3,3,0,2,0,1,11,6,1,6,0,1,0,1,1,0,1,3,1,0,18,29,13,6,143,0,1,52,4,2,6,0,27,3,13,7,0,1,3,41,2,1,0,1,18,40,13,0,1,10,1,107,0,1,1,0,10,1,3,0,69,0,1,2,1,1,35,1,7,4,10,42,2,22,1,1,0,0,0,5,5,15,1,1,19,32,6,28,6,3,0,6,2,2,2,32,0,1,52,8,1,4,9,1,2,7,2,1,1,22,1
2013-09,1,2,1,0,1,3,6,1,9,55,40,1,8,2,3,1,1,6,22,2,0,1,35,22,1,1,4,0,1,2,1,2,1,5,0,22,3,1,12,78,1,0,0,1,1,9,1,0,4,31,13,1,18,10,3,3,1,0,2,1,2,0,1,0,3,0,10,6,46,4,15,3,3,0,2,0,1,11,6,1,6,0,1,0,1,1,0,1,3,1,0,18,29,13,6,144,0,1,53,4,2,6,0,28,3,13,7,0,1,3,42,2,1,0,1,18,40,13,0,1,10,1,109,0,1,1,0,10,1,3,0,69,0,1,2,1,1,35,1,7,4,10,42,2,22,1,1,0,0,0,5,5,15,1,1,19,32,6,28,6,3,0,6,3,3,2,32,0,1,52,8,1,4,9,1,2,7,2,1,1,22,1
2013-10,1,2,1,0,1,3,6,1,9,56,42,1,8,2,3,1,1,6,22,2,0,1,36,22,1,1,4,0,1,2,1,2,1,5,0,22,3,1,13,78,1,0,0,1,1,9,1,0,4,31,14,1,18,10,3,3,1,0,2,1,2,0,1,0,4,0,11,6,46,4,15,3,3,0,2,0,1,11,6,1,6,0,1,0,1,1,0,1,3,1,0,18,31,13,6,146,0,1,53,4,2,6,0,29,3,13,7,0,1,3,42,2,1,0,1,18,40,13,0,1,10,1,110,0,1,1,0,10,1,3,0,70,0,1,2,1,1,35,1,8,4,11,43,2,22,1,2,0,0,0,5,5,15,1,1,19,32,6,28,6,3,0,6,3,3,2,32,0,1,54,8,1,4,9,1,2,7,2,1,1,22,1
2013-11,1,2,1,1,1,3,6,1,9,58,44,1,8,2,3,1,1,6,22,2,0,1,36,23,1,1,4,0,1,2,1,2,1,5,0,22,3,1,15,81,1,0,0,1,1,9,1,0,4,31,16,1,18,10,3,3,1,0,2,1,2,0,1,0,5,0,12,6,48,4,15,3,3,0,2,0,1,11,6,1,6,0,1,0,1,1,1,1,3,1,0,18,31,13,6,146,0,1,53,4,2,6,0,29,3,13,8,0,1,3,42,2,1,1,1,18,41,13,0,1,10,1,114,0,1,1,0,10,1,3,0,70,0,1,2,1,1,35,1,10,4,11,43,2,22,1,2,0,0,0,5,5,15,1,1,19,32,6,28,6,3,0,6,3,3,2,32,0,1,55,8,1,4,9,1,2,7,2,1,1,22,1
2013-12,1,2,1,1,1,3,6,1,9,58,44,1,8,2,3,1,1,7,22,2,0,1,36,24,1,1,4,0,1,2,1,2,1,5,0,24,3,1,15,81,1,0,0,1,1,9,1,0,4,32,16,1,18,10,3,3,1,0,2,1,2,0,1,0,6,0,12,6,49,5,15,3,3,1,2,0,1,11,6,1,6,0,1,0,1,1,1,1,3,1,0,18,31,13,6,147,0,1,54,4,2,6,0,29,3,13,8,0,1,3,43,2,1,1,1,18,41,13,1,1,10,1,115,0,1,1,0,10,1,3,0,70,0,1,2,1,1,36,1,11,4,11,43,2,22,1,2,0,0,0,5,5,15,1,1,19,32,6,28,6,3,0,6,3,3,2,32,0,1,55,8,1,4,9,1,2,7,2,1,1,22,1
2014-01,1,2,1,1,1,3,6,1,9,58,44,1,8,2,3,1,1,7,22,2,0,1,36,24,1,1,4,0,1,2,1,2,1,5,0,24,3,1,15,81,1,0,0,1,1,9,1,0,4,32,17,1,18,10,3,3,1,0,3,1,2,0,1,0,6,0,12,7,49,5,15,3,3,1,2,0,1,11,6,1,6,0,1,0,1,1,1,1,3,1,0,18,31,13,6,148,0,1,54,4,2,7,0,29,3,13,8,0,1,3,43,2,1,1,1,18,41,13,1,1,10,1,116,0,1,1,1,10,1,3,0,70,0,1,2,1,1,36,1,11,4,11,44,2,22,1,2,0,0,0,5,5,15,1,1,20,33,6,28,6,3,0,6,3,3,2,32,0,1,56,8,1,4,9,1,2,7,2,1,1,22,1
2014-02,1,2,1,1,1,3,6,1,9,58,44,1,8,2,3,1,1,7,22,2,0,1,37,26,1,1,4,0,1,2,1,2,1,5,0,24,3,1,15,82,1,0,0,1,1,9,1,0,4,32,17,1,18,10,3,3,1,0,3,1,2,0,1,0,6,0,12,7,49,5,15,3,3,1,2,0,1,11,6,1,6,0,1,0,1,1,1,1,3,1,0,18,32,13,6,148,0,1,54,4,2,7,0,29,3,13,8,1,1,3,43,2,1,1,1,18,42,13,1,1,10,1,117,0,1,1,1,10,1,3,0,70,0,1,2,1,1,36,1,11,4,11,44,2,22,1,2,0,0,0,5,5,15,1,1,20,34,6,31,6,3,0,6,3,3,3,32,0,1,56,8,1,4,9,1,2,7,2,1,1,22,1
2014-03,1,2,1,1,1,3,6,1,9,58,44,1,8,2,3,1,1,7,23,2,0,1,37,26,1,1,4,0,1,2,1,2,1,5,0,24,3,1,18,83,1,0,0,1,1,9,1,0,4,32,17,1,19,10,3,3,1,0,3,1,2,0,1,0,6,0,12,7,50,5,15,3,3,1,2,0,1,11,6,1,6,0,1,0,1,1,1,1,3,1,0,18,32,13,6,149,0,1,54,4,2,7,0,30,3,13,8,1,1,3,43,2,1,1,1,19,42,13,1,1,10,1,119,0,1,1,1,10,1,3,0,70,0,1,2,1,1,36,1,11,4,11,44,2,22,1,2,0,0,0,5,5,15,1,1,20,34,6,31,6,3,0,6,3,3,3,32,0,1,56,8,1,4,9,1,2,7,2,1,1,23,1
2014-04,1,2,1,1,1,3,6,1,9,58,44,1,8,2,3,1,1,7,23,2,0,1,38,26,1,1,4,0,1,2,1,2,1,5,0,24,3,1,18,84,1,0,0,1,1,9,1,0,4,32,17,1,19,10,3,3,1,0,3,1,2,0,1,0,6,0,12,7,50,5,15,3,3,1,2,0,1,11,6,1,6,0,1,0,1,1,1,1,3,1,0,18,33,13,6,151,0,1,54,4,2,7,0,31,3,13,8,1,1,3,43,2,1,1,1,19,44,13,1,1,10,1,119,0,1,1,1,10,1,3,0,70,0,1,2,1,1,37,1,11,4,11,44,2,22,1,2,0,0,0,5,5,15,1,1,20,34,6,31,6,3,0,6,4,3,3,32,0,1,56,8,1,4,9,1,2,7,2,1,1,23,1
2014-05,1,2,1,1,1,3,6,1,9,58,44,1,8,2,3,1,1,7,23,2,0,1,38,26,1,1,4,0,1,2,1,2,1,5,0,24,3,1,19,85,1,0,0,1,1,9,2,0,4,32,17,1,19,10,3,3,1,0,3,1,2,0,1,0,6,0,12,7,52,5,15,3,3,1,2,0,1,11,6,1,6,0,1,0,1,1,1,1,3,1,0,19,33,14,6,152,0,1,54,4,3,7,0,31,3,13,8,1,1,3,43,2,1,1,1,19,46,13,1,1,10,1,120,0,1,1,1,10,1,3,0,70,0,1,2,1,1,37,1,11,4,11,44,2,22,1,2,0,0,0,5,5,15,1,1,21,34,6,32,6,3,0,6,4,3,3,32,0,1,56,8,1,5,9,1,2,7,2,1,1,23,1
2014-06,1,2,1,1,1,3,6,1,9,58,45,1,8,2,3,1,1,7,23,2,0,1,38,28,1,1,4,0,1,2,1,2,1,5,0,25,3,1,23,90,1,0,0,1,1,9,2,0,4,32,18,1,19,10,3,3,1,0,3,1,2,0,1,0,6,0,12,7,53,6,15,3,3,1,2,0,1,11,6,1,6,0,1,0,1,1,1,1,3,1,0,19,35,14,6,152,0,1,54,4,3,7,0,32,3,13,8,1,1,3,43,2,1,1,1,19,47,13,1,1,10,1,120,0,1,1,1,10,1,3,0,70,0,1,2,1,1,37,1,11,4,11,44,2,22,1,2,0,0,0,5,5,15,1,1,21,34,6,32,6,3,0,7,4,3,3,32,0,1,56,8,1,5,9,1,2,7,2,1,1,24,1
2014-07,1,2,1,1,1,3,6,1,9,58,45,1,8,2,3,1,1,7,23,2,0,1,39,29,1,1,4,0,1,2,1,2,1,5,0,25,3,1,23,91,1,0,0,1,1,9,2,0,4,32,18,1,19,10,3,3,1,0,3,1,2,0,1,0,6,0,12,8,53,6,15,4,3,1,2,0,1,11,6,1,6,0,1,0,1,1,1,1,4,1,0,19,35,14,6,153,0,1,54,4,3,7,0,32,3,13,8,1,1,3,43,2,1,1,1,19,47,13,1,1,10,1,121,0,1,1,1,10,1,3,0,70,0,1,2,1,1,37,1,11,4,11,44,2,22,1,2,0,0,0,5,5,15,1,1,21,34,6,33,6,3,0,7,4,3,3,32,0,1,58,8,1,5,9,1,2,7,2,1,1,24,1
2014-08,1,2,1,1,2,3,6,1,9,58,45,1,9,2,4,1,1,7,24,2,1,1,39,29,1,1,4,1,1,2,1,2,1,5,0,25,3,1,23,92,1,0,0,1,1,10,2,0,4,32,18,1,19,10,3,3,1,0,3,1,2,0,1,0,6,0,12,8,53,6,15,5,3,1,2,0,1,11,6,1,7,0,1,0,1,1,1,1,4,1,0,19,35,14,6,154,0,1,54,4,3,7,0,32,3,13,8,1,1,3,43,2,1,1,1,19,47,13,1,1,10,1,121,0,1,1,1,10,1,3,0,70,0,1,2,1,1,37,1,11,4,11,45,2,22,1,2,0,0,0,5,5,15,1,1,22,34,7,33,6,3,0,7,4,3,3,32,0,1,58,8,1,5,9,1,2,7,2,1,1,25,1
2014-09,1,2,1,1,2,3,6,1,9,58,45,1,9,2,4,1,1,7,24,2,2,1,39,30,1,1,4,1,1,2,1,2,1,5,0,26,3,1,25,93,1,0,0,1,1,10,2,0,4,32,18,1,19,10,3,3,1,0,3,1,2,0,1,0,6,0,12,8,53,6,15,5,3,1,2,0,1,11,6,1,7,0,1,0,1,1,1,1,4,1,0,19,35,14,6,155,0,1,55,4,3,7,0,33,3,13,8,1,1,3,43,2,1,1,1,19,47,13,1,1,10,1,121,0,1,1,1,10,1,3,0,72,0,1,2,1,1,37,1,11,4,13,46,2,22,1,2,0,0,0,5,5,15,1,1,22,35,7,33,6,3,0,7,4,3,3,32,0,1,58,8,1,5,9,1,2,7,2,1,1,26,1
2014-10,1,2,1,1,2,3,6,1,9,58,46,1,9,2,4,1,1,7,24,2,2,1,39,30,1,1,4,1,1,2,1,2,1,5,0,26,3,1,26,93,1,0,0,1,1,10,2,0,4,33,19,1,19,10,3,3,1,0,3,1,2,0,1,0,6,0,12,10,53,6,15,5,3,1,2,0,1,11,6,1,7,0,1,0,1,1,1,1,4,1,0,19,35,14,6,156,0,1,55,4,3,7,0,34,3,13,8,1,1,3,44,2,1,1,1,19,48,14,1,1,10,1,123,0,1,1,1,10,1,3,0,72,0,1,2,1,1,37,1,11,4,13,46,2,22,1,2,0,0,0,5,5,15,1,1,23,35,7,33,6,3,0,7,4,3,3,32,0,1,58,8,1,5,9,1,2,7,2,1,1,26,1
2014-11,1,2,1,1,2,3,7,1,9,59,46,1,9,2,4,1,1,7,24,2,2,1,40,30,1,1,4,1,1,2,1,2,1,5,0,26,3,1,27,95,1,0,0,1,1,10,2,0,4,34,19,1,19,10,3,3,1,0,3,1,2,0,1,0,6,0,12,11,53,6,15,5,3,1,2,0,2,12,6,1,7,0,1,0,1,1,1,1,4,1,0,19,35,14,6,158,0,1,56,5,3,7,0,34,3,13,8,1,1,3,44,2,1,1,1,19,48,14,1,1,10,1,125,0,1,1,1,10,1,3,0,72,0,1,2,1,1,37,1,12,4,13,47,2,22,1,2,0,0,0,5,5,15,1,1,23,36,7,34,6,3,0,7,4,3,3,32,0,1,58,8,1,5,9,1,2,7,2,1,1,26,1
2014-12,1,2,1,1,2,3,7,1,9,60,47,1,9,2,4,1,1,7,24,2,2,1,40,30,1,2,4,1,1,2,1,2,1,5,0,26,4,1,27,99,1,0,0,1,1,10,2,0,4,34,21,1,19,10,3,3,1,0,3,1,2,0,1,0,6,0,12,11,54,6,15,5,3,1,2,0,2,12,6,1,8,0,1,0,1,1,1,1,4,1,0,19,35,14,6,161,0,1,57,5,3,7,0,36,3,13,8,1,1,3,44,2,1,1,1,20,49,15,1,1,10,1,125,0,1,1,1,10,1,3,0,73,0,1,2,1,1,38,1,12,4,13,47,2,23,1,2,0,0,0,5,5,15,1,1,23,36,7,34,6,3,0,8,4,3,3,32,0,1,58,8,1,6,9,1,2,7,2,1,1,27,1
2015-01,1,2,1,1,2,3,7,1,9,61,48,1,9,2,4,1,1,7,24,2,2,1,40,30,1,2,4,1,1,2,1,2,1,6,0,27,4,1,27,100,1,0,0,1,1,10,2,0,4,34,22,1,19,10,3,3,1,0,3,1,2,0,1,0,6,0,12,11,54,7,15,5,3,1,2,0,2,12,6,1,8,0,1,0,1,1,1,1,4,1,0,19,35,14,6,162,0,1,57,5,3,7,0,36,3,13,8,1,1,3,44,2,1,1,1,20,51,15,1,1,10,1,127,0,1,1,1,10,1,3,0,74,0,1,2,1,1,38,1,12,4,13,47,2,23,1,2,0,0,0,5,5,15,1,1,23,36,7,35,6,3,0,8,4,3,3,32,1,1,59,8,1,7,9,1,2,7,2,1,1,27,1
2015-02,1,2,1,1,2,4,7,1,9,61,48,1,9,2,4,1,1,7,25,2,2,1,40,31,1,2,4,1,1,2,1,2,1,6,0,27,4,1,28,102,1,0,0,1,1,10,2,0,4,34,22,1,19,10,3,3,1,0,3,1,3,0,1,0,6,0,12,11,54,7,15,5,3,1,2,0,2,13,7,1,8,0,1,0,1,1,1,1,4,1,0,20,35,14,6,163,0,1,58,5,3,7,0,37,3,13,8,1,1,3,44,2,1,1,1,20,51,15,1,1,10,1,127,0,1,1,1,10,1,3,0,74,0,1,2,1,1,38,1,12,4,13,47,2,23,1,2,0,0,0,5,5,15,1,1,23,36,7,35,7,3,0,8,4,3,3,33,1,1,59,8,1,7,9,1,2,7,2,1,1,27,1
2015-03,1,2,1,1,2,4,7,1,9,61,48,1,9,2,4,1,1,7,25,2,3,1,40,31,1,2,4,1,1,2,1,3,1,6,0,27,4,1,30,103,1,0,0,1,1,10,2,0,4,34,23,1,19,10,3,3,1,0,3,1,3,0,1,0,7,0,12,11,54,7,15,5,3,1,2,0,2,13,7,1,8,0,1,0,1,1,1,1,4,1,0,20,36,14,6,163,0,1,60,5,3,7,0,37,3,13,8,1,1,3,44,2,1,1,1,20,53,15,1,1,10,1,127,0,1,1,1,10,1,3,0,75,0,1,2,1,1,38,1,13,4,13,47,2,24,1,2,0,0,0,5,5,15,1,1,23,36,7,36,7,3,0,8,4,3,4,33,1,1,59,8,1,7,9,1,2,8,2,1,1,27,1
2015-04,1,2,1,1,2,4,7,1,9,62,49,1,9,2,4,1,1,7,25,2,3,1,40,32,1,2,4,1,1,2,1,3,1,6,0,27,4,1,30,104,1,0,0,1,1,10,2,0,4,34,24,1,19,10,3,3,1,0,3,1,3,0,1,0,7,0,12,11,54,7,15,5,3,1,2,0,2,13,7,1,8,0,1,0,1,1,1,1,4,1,0,20,36,14,6,163,0,1,61,5,4,7,0,37,3,13,8,1,1,3,44,2,1,1,1,21,54,15,1,1,10,1,128,0,1,1,1,10,1,3,0,76,0,1,2,1,1,38,1,13,4,13,47,2,24,1,2,0,0,0,5,5,15,1,1,23,36,8,37,7,3,0,8,4,3,5,33,1,1,59,8,1,7,9,1,2,8,2,1,1,27,1
2015-05,1,2,1,1,2,4,7,1,9,63,51,1,9,2,4,1,1,7,26,3,3,1,40,32,1,2,4,1,1,2,1,3,1,6,0,28,4,1,30,106,1,0,0,1,1,10,2,0,4,34,24,1,19,10,3,3,1,0,3,1,3,0,1,0,7,0,12,12,54,7,15,5,3,1,2,0,2,13,7,1,8,0,1,0,1,1,1,1,4,1,0,20,36,14,7,163,0,1,62,5,4,7,0,37,3,13,9,1,1,3,44,2,1,1,1,22,54,15,1,1,10,1,131,0,1,1,1,10,1,3,1,76,0,1,2,1,1,38,1,13,4,13,47,2,24,1,2,0,0,0,5,5,15,1,1,23,36,8,37,7,3,0,8,4,3,5,33,1,1,59,8,1,7,9,1,2,8,2,1,1,27,1
2015-06,1,2,1,1,2,4,7,1,9,63,52,1,9,2,4,1,1,7,26,3,3,1,41,32,1,2,4,1,1,2,1,3,1,6,0,28,4,1,31,108,1,0,0,1,1,10,2,0,4,35,24,1,19,10,3,3,1,0,3,1,3,0,1,0,7,0,12,13,54,8,15,5,3,1,2,0,2,13,7,1,9,0,1,0,1,1,1,1,4,1,0,20,36,14,7,165,0,1,64,5,4,7,0,38,3,13,9,1,1,3,44,2,1,1,1,22,54,15,1,1,10,1,131,0,1,1,1,10,1,3,1,77,0,1,2,1,1,38,1,13,4,13,47,2,24,1,2,0,0,0,5,5,15,1,1,24,36,8,37,7,3,0,8,4,3,5,33,1,1,59,8,1,7,9,1,2,8,2,1,1,27,1
2015-07,1,2,1,1,2,4,7,1,9,64,52,1,9,2,4,1,1,7,26,3,3,1,41,32,1,2,4,1,1,2,1,3,1,6,0,29,4,1,31,109,1,0,0,1,1,10,2,0,4,35,24,1,19,10,3,3,1,0,3,1,3,0,1,0,7,0,12,13,54,8,15,5,3,1,2,0,2,13,7,1,9,0,1,0,1,1,1,1,4,1,0,20,36,14,7,165,0,1,64,5,4,7,0,38,3,13,10,1,1,3,44,2,1,1,1,22,54,15,1,1,10,1,131,0,1,1,1,10,1,3,1,78,0,1,2,1,1,38,1,13,4,13,47,2,24,1,2,0,0,0,5,5,15,1,1,24,36,9,37,7,3,0,8,4,3,5,34,1,1,59,8,1,7,9,1,2,8,2,1,1,27,1
2015-08,1,2,1,1,2,4,7,1,9,65,53,1,9,2,4,1,1,7,27,3,3,1,41,32,1,2,4,1,1,2,1,3,1,6,0,29,4,1,31,109,1,0,0,1,1,10,2,0,4,35,24,1,19,10,3,3,1,0,3,1,3,0,1,0,7,0,12,14,54,8,15,5,3,1,2,0,2,13,8,1,9,0,1,0,1,1,1,1,4,1,0,20,37,14,7,168,0,1,64,5,4,7,0,40,3,14,10,1,1,3,47,2,1,1,1,22,54,15,1,1,10,1,133,0,2,1,1,10,1,3,1,78,0,1,2,1,1,39,1,13,4,14,47,2,25,1,2,1,0,0,5,5,15,1,1,25,36,9,38,7,3,0,8,4,3,5,34,1,1,59,8,1,8,9,1,2,8,2,1,1,27,1
2015-09,1,2,1,1,2,4,7,1,9,65,53,1,9,2,4,1,1,7,27,3,3,1,42,32,1,2,4,1,1,2,1,3,1,6,0,29,4,1,32,111,1,0,0,1,1,10,2,0,4,35,24,1,19,10,3,3,1,0,3,1,3,0,1,0,8,0,12,14,54,9,15,5,3,1,2,0,2,13,8,1,9,0,1,0,1,1,1,1,4,1,0,20,37,14,8,168,0,1,66,5,4,7,0,41,3,14,10,1,1,3,47,2,1,1,1,22,55,15,1,1,10,1,134,0,2,1,1,10,1,3,1,78,0,1,2,1,1,39,1,14,4,14,47,2,25,1,2,1,0,0,5,5,15,1,1,25,36,9,38,7,3,0,8,4,3,5,34,1,1,60,8,1,8,9,1,2,8,2,1,1,27,1
2015-10,1,2,1,1,2,4,7,1,9,65,53,1,9,2,4,1,1,7,27,3,3,1,42,32,1,2,4,1,1,2,1,3,1,6,0,29,4,1,32,114,1,0,0,1,1,10,3,0,4,35,24,1,19,10,3,4,1,0,3,1,3,0,1,0,8,1,12,15,54,9,15,5,3,1,2,0,2,14,8,1,9,0,1,0,1,1,1,1,5,1,0,20,37,14,8,169,0,1,66,5,4,7,0,41,3,14,10,1,1,3,47,2,1,1,1,22,56,15,1,1,10,1,135,0,2,1,1,10,1,3,1,79,0,1,2,1,1,39,1,15,4,14,47,2,27,1,2,1,0,0,5,5,15,1,1,25,36,9,40,7,3,0,8,4,3,5,34,1,1,60,8,1,8,9,1,2,8,2,1,1,28,1
2015-11,1,2,1,1,2,4,7,1,9,65,53,1,9,2,4,1,1,7,27,3,4,1,42,32,1,2,4,1,1,2,1,3,1,6,0,29,4,1,33,117,1,0,0,1,1,10,3,0,4,35,25,1,19,10,3,4,1,0,3,1,3,0,1,0,8,1,12,18,54,10,16,5,3,1,2,0,2,14,8,1,9,0,1,0,1,1,1,1,5,1,0,20,37,14,8,170,1,1,66,5,4,7,0,41,3,14,10,1,1,3,47,2,1,1,1,22,56,15,1,1,10,1,136,0,2,1,1,10,1,3,1,79,0,1,2,1,1,39,1,15,4,14,48,2,27,1,2,1,0,0,5,5,15,1,1,25,36,9,40,7,3,0,8,4,4,6,34,1,1,61,8,1,8,9,1,2,8,2,1,1,28,1
2015-12,1,2,1,1,2,4,7,1,9,65,53,1,9,3,4,1,1,7,27,3,4,1,43,32,1,2,4,1,1,2,1,3,1,6,0,30,4,1,33,118,1,0,0,1,1,10,3,0,4,35,25,1,19,10,3,4,1,0,3,1,3,0,1,0,8,1,12,18,54,10,16,5,3,1,2,0,2,14,8,1,9,1,1,0,1,1,1,1,5,1,0,20,39,14,9,170,1,1,67,5,4,7,0,41,3,14,10,1,1,3,47,2,1,1,1,22,56,15,1,1,10,1,137,0,2,1,1,10,1,3,1,79,0,1,2,1,1,39,1,16,4,15,48,2,27,1,2,1,0,0,5,5,15,1,1,25,36,10,40,7,3,0,8,4,4,6,34,1,1,62,8,1,8,9,1,2,9,2,1,1,28,1
2016-01,1,2,1,1,2,4,7,1,9,65,54,1,9,4,4,1,1,7,27,3,4,1,43,32,1,2,4,1,1,2,1,4,1,6,0,31,4,1,33,120,1,0,0,1,1,10,3,0,4,35,26,1,19,10,3,4,1,0,3,1,3,0,1,0,9,1,12,18,54,10,16,6,3,1,2,0,2,14,8,1,9,1,1,0,1,1,1,1,5,1,0,20,39,14,9,171,1,1,67,5,4,7,0,41,3,14,10,1,1,3,47,2,1,1,1,23,57,15,1,1,10,1,137,0,2,1,1,10,1,3,1,80,1,1,2,1,1,40,1,16,4,16,49,2,27,1,2,1,0,0,5,5,15,1,1,25,37,10,40,7,3,0,8,4,4,6,35,1,1,62,8,1,8,9,1,2,9,2,1,1,29,1
2016-02,1,2,1,1,2,4,7,1,9,65,54,1,9,4,4,1,1,7,27,3,4,1,43,32,1,2,4,1,1,2,1,4,1,6,0,32,4,1,33,123,1,0,0,1,1,10,3,0,4,35,26,1,19,10,3,4,1,0,3,1,3,0,1,0,9,1,12,20,54,10,16,6,3,1,2,0,2,14,8,1,9,1,1,0,1,1,1,1,5,1,0,20,40,14,9,173,1,1,67,5,4,7,0,41,3,14,10,1,1,3,47,2,1,1,1,24,58,15,1,1,10,1,137,0,2,1,1,10,1,3,1,80,1,1,2,1,1,40,1,17,4,16,49,2,27,1,2,1,0,0,5,5,15,1,1,25,37,10,40,7,3,1,8,4,4,6,35,1,1,62,8,1,8,9,1,2,9,2,1,1,29,1
2016-03,1,2,1,1,2,4,7,1,9,65,55,1,9,4,4,1,1,7,27,3,4,1,43,32,1,2,4,1,1,2,1,4,1,7,0,33,4,1,33,124,1,0,0,1,1,10,3,0,4,35,26,1,19,10,3,4,1,0,3,1,3,0,1,0,9,1,12,20,55,11,16,6,4,1,2,0,2,15,8,1,9,1,1,0,1,1,1,1,5,1,0,20,40,14,9,173,1,1,68,5,4,7,0,41,3,14,10,1,1,3,47,2,1,1,1,24,58,15,1,1,10,1,140,0,2,1,1,10,1,3,1,81,1,1,2,1,1,40,1,17,4,17,49,2,27,1,2,1,0,0,5,5,15,1,1,25,37,10,40,8,3,1,8,4,4,6,36,1,1,62,8,1,8,9,1,2,9,2,1,1,29,1
2016-04,1,2,1,1,2,4,8,1,9,66,56,1,9,4,4,1,1,7,27,3,4,1,43,35,1,2,4,1,1,2,1,4,1,7,0,33,4,1,35,125,1,0,0,1,1,10,3,0,4,35,27,1,19,10,3,4,1,0,3,1,3,0,1,0,9,1,12,20,55,11,16,6,4,1,2,0,2,15,8,1,9,1,1,0,1,1,1,1,6,1,1,20,40,14,10,175,1,1,69,5,5,7,0,42,3,15,10,2,1,3,47,2,1,1,1,24,59,15,1,1,10,1,141,0,2,1,1,10,1,3,1,81,1,1,2,1,1,40,1,18,4,18,49,4,27,1,2,1,1,0,5,5,15,1,1,25,37,10,41,8,3,1,8,4,4,6,36,1,1,62,9,1,8,9,1,2,9,2,1,1,29,1
2016-05,1,2,1,1,2,4,8,1,9,67,58,1,9,4,4,1,1,7,27,3,4,1,43,35,1,2,4,1,1,2,1,4,1,8,0,33,4,1,36,126,1,0,0,1,1,10,3,0,4,35,29,1,19,10,3,4,1,1,3,1,3,1,1,0,9,1,12,20,55,11,16,6,4,1,2,0,2,15,8,1,9,1,1,0,1,1,1,1,6,1,1,20,40,14,10,176,1,1,69,5,5,7,0,43,3,15,11,2,1,3,47,2,1,1,1,24,59,15,1,1,10,1,143,0,2,1,1,10,1,3,1,81,1,1,2,1,1,40,1,18,4,19,49,4,27,1,2,1,1,0,5,5,15,1,1,25,37,10,42,8,3,1,8,4,4,6,36,1,1,62,9,1,8,10,1,2,9,2,1,1,29,1
2016-06,1,2,1,1,2,4,8,1,9,67,59,1,9,4,4,1,1,8,27,3,4,1,44,35,1,2,4,1,1,2,1,4,1,8,0,34,4,1,36,128,2,0,0,1,1,10,3,0,4,35,29,1,19,10,3,4,1,1,3,1,3,1,1,0,9,1,12,20,55,11,16,6,4,1,2,0,2,15,8,1,9,1,1,0,1,1,1,1,6,1,1,20,40,14,10,176,1,1,70,5,5,7,0,43,3,15,11,2,1,3,47,2,1,1,1,24,60,15,1,1,10,1,145,0,2,1,1,10,1,3,1,81,1,1,2,1,1,40,1,18,4,20,49,4,27,1,2,1,1,0,5,5,15,1,1,25,37,10,42,8,3,1,8,4,4,6,36,1,1,62,9,1,8,10,1,2,9,2,1,1,29,1
2016-07,1,2,1,1,2,4,8,1,10,67,59,1,9,4,4,1,1,8,29,3,4,1,44,35,1,2,4,1,1,2,1,4,1,8,0,34,4,1,37,129,2,0,0,1,1,10,4,0,4,35,29,2,19,10,3,4,1,1,3,1,3,1,1,0,9,1,12,20,55,11,16,6,4,1,2,0,2,15,8,1,9,1,1,0,1,1,1,1,6,1,1,20,42,14,10,177,1,1,70,5,5,7,0,44,3,15,12,2,1,3,47,2,1,1,1,24,61,15,1,1,10,1,145,0,2,1,1,10,1,3,1,81,1,1,2,1,1,40,1,19,4,20,49,4,29,1,2,1,1,0,5,5,15,1,1,25,37,10,42,8,3,1,8,4,4,6,36,1,1,62,9,1,8,10,1,2,9,3,1,1,29,1
2016-08,1,2,1,1,2,4,8,1,10,67,59,1,9,4,4,1,1,8,29,3,5,1,44,35,1,2,4,1,1,2,1,4,1,8,0,34,4,1,37,130,2,0,0,1,1,10,4,0,4,35,29,2,19,10,3,4,1,1,3,1,3,1,1,0,9,1,12,21,55,11,16,6,4,1,2,0,2,15,8,1,9,1,1,0,1,1,1,1,6,1,1,20,42,14,10,177,1,2,71,5,6,7,0,45,3,15,12,2,1,3,47,2,1,1,1,25,61,15,1,1,10,1,146,0,2,1,1,10,1,3,1,82,2,1,2,1,1,40,1,19,4,20,49,4,29,1,2,1,1,0,5,5,15,1,1,25,37,10,42,8,3,1,8,4,4,6,37,1,1,62,9,1,8,10,1,2,9,3,1,1,29,1
2016-09,1,2,1,1,2,4,8,1,10,67,59,1,9,4,4,1,1,8,29,3,5,1,44,35,1,2,4,1,1,2,1,4,1,8,0,35,4,1,37,130,2,0,0,1,1,11,4,0,4,35,29,2,19,10,3,4,1,1,3,1,3,1,1,0,9,1,12,22,55,11,16,6,4,1,2,0,2,16,8,1,9,1,1,0,1,1,1,1,6,1,1,20,42,14,10,177,1,2,72,5,6,7,0,45,3,15,12,2,1,3,47,3,1,1,1,25,61,15,1,1,10,1,146,0,3,1,1,10,1,3,1,83,2,1,2,1,1,40,1,19,4,21,50,4,30,1,2,1,1,0,5,6,15,1,1,25,37,10,42,8,3,1,8,4,4,6,38,1,1,64,9,1,8,10,1,2,9,3,1,1,30,1
2016-10,1,2,1,1,2,4,8,1,10,67,59,1,9,4,4,1,1,8,29,3,5,1,45,35,1,2,4,1,1,2,1,4,1,8,0,36,4,1,37,132,4,0,0,1,1,11,4,0,4,35,29,2,19,10,3,4,1,1,3,1,3,1,1,0,9,1,12,23,55,11,16,6,4,1,2,0,2,17,8,1,10,1,1,0,1,1,1,1,6,1,1,20,43,14,10,178,1,2,73,5,6,7,0,45,3,15,12,2,1,3,47,3,1,1,1,25,62,15,1,1,10,1,147,0,3,1,1,10,1,3,1,83,3,1,2,1,1,40,1,20,4,21,50,4,30,1,2,1,1,0,5,6,15,1,1,25,37,10,42,8,3,1,8,4,4,6,38,1,1,64,9,1,8,10,1,2,9,3,1,1,31,1
2016-11,1,2,1,1,2,4,8,1,10,67,60,1,9,4,4,1,1,8,29,3,5,1,46,36,1,2,4,1,1,2,1,4,1,8,0,36,5,1,37,133,4,0,0,1,1,11,5,0,4,35,29,2,19,10,3,4,1,1,3,1,3,1,1,0,9,1,12,23,55,11,16,6,4,1,2,0,2,17,8,1,10,1,1,0,1,1,1,1,6,1,1,20,43,14,10,181,1,2,73,5,6,7,0,46,3,15,12,2,1,3,47,3,1,1,1,25,62,15,1,1,10,1,149,0,3,1,1,10,1,3,1,83,3,1,2,1,1,40,1,22,4,22,50,4,31,1,2,1,1,0,5,6,15,1,1,25,38,10,46,8,3,1,8,4,4,6,39,1,1,64,9,1,8,10,1,2,9,3,1,1,31,1
2016-12,1,2,1,1,2,4,8,1,10,67,60,1,9,4,4,1,1,8,29,3,5,1,47,36,1,2,4,1,1,2,1,4,1,8,0,37,5,1,37,135,4,0,0,1,1,11,5,0,4,35,29,3,19,10,3,4,1,1,3,1,3,1,1,0,9,1,12,23,56,11,16,6,4,1,2,0,2,17,8,1,10,1,1,0,1,1,1,1,6,1,1,20,43,14,10,182,1,2,73,5,6,7,0,46,3,15,12,2,1,3,47,3,1,1,1,25,62,15,1,1,10,1,153,0,3,1,1,10,1,3,1,83,5,1,2,1,1,40,1,22,4,22,50,4,31,1,2,1,1,0,5,6,15,1,1,25,39,10,46,8,4,1,8,4,4,6,39,1,1,64,9,1,8,10,1,2,9,3,1,1,31,1
2017-01,1,2,1,1,2,4,8,1,10,67,60,1,9,4,4,1,1,8,29,3,5,1,48,36,1,2,4,1,1,2,1,4,1,8,0,37,5,1,37,137,4,1,0,1,1,11,5,0,4,36,29,3,19,10,3,4,1,1,3,1,3,1,1,0,9,1,12,23,56,11,16,6,4,1,2,0,2,17,8,1,10,1,1,1,1,1,1,2,6,1,1,20,43,14,10,182,1,2,73,5,6,7,0,46,3,15,12,2,1,3,47,3,1,1,1,25,63,15,1,1,10,1,155,0,3,1,1,10,1,3,1,83,5,1,2,1,1,40,1,22,4,23,51,4,31,1,2,1,1,0,5,6,15,1,1,26,40,10,47,8,4,1,8,4,4,6,39,1,1,65,9,1,8,10,1,2,9,3,1,1,32,1
2017-02,1,2,1,1,2,4,8,1,10,67,62,1,9,4,4,1,1,8,29,3,5,1,49,37,1,2,4,1,2,2,1,4,1,8,0,37,5,1,37,137,4,1,0,1,1,11,5,0,4,36,29,4,19,10,3,4,1,1,3,1,3,1,1,0,9,1,12,23,56,11,16,6,4,1,2,0,2,18,8,1,10,1,1,1,1,1,1,2,6,1,1,20,43,14,10,182,1,2,73,5,6,7,0,46,3,16,12,2,1,3,47,3,1,1,1,28,63,15,1,1,10,1,157,0,3,1,1,10,1,3,1,83,7,1,2,1,1,40,1,22,4,23,51,4,31,1,2,1,1,0,5,6,15,1,1,26,41,10,49,8,4,1,8,4,4,6,39,1,1,65,9,1,8,10,1,2,9,3,1,1,32,1
2017-03,1,2,1,1,2,4,8,1,10,69,63,1,9,5,4,1,1,8,29,3,5,1,49,37,1,3,4,1,2,2,1,4,1,8,0,37,5,1,37,138,5,1,0,1,1,11,5,1,4,36,30,4,19,10,3,4,1,1,3,1,3,1,1,0,9,1,12,23,56,11,16,6,4,1,2,0,2,18,8,1,10,1,1,1,1,1,1,2,6,1,1,20,43,14,10,182,1,2,75,5,6,7,0,46,3,16,12,2,1,3,47,3,1,1,1,28,65,15,1,1,10,1,158,0,3,1,1,10,1,3,1,84,8,1,2,1,1,40,1,23,4,25,51,4,33,1,2,1,1,0,5,6,15,1,1,26,43,10,50,8,4,1,8,4,4,6,39,1,1,65,9,1,8,10,1,2,9,3,1,1,32,1
2017-04,1,2,1,1,2,4,8,2,10,69,64,2,9,5,4,1,1,8,29,3,5,1,49,37,1,3,4,1,2,2,1,4,1,8,0,38,5,1,37,138,5,1,0,1,1,11,5,1,4,36,31,4,19,10,3,4,1,1,3,1,3,1,1,0,9,1,12,23,56,11,16,6,4,1,2,0,2,18,8,1,11,1,1,1,1,1,1,3,6,1,1,20,44,14,10,182,1,2,75,5,7,7,0,46,3,16,12,2,1,3,47,3,1,1,1,29,65,16,1,1,11,1,160,0,4,1,1,10,1,3,1,85,8,1,2,1,1,40,1,23,4,25,51,4,33,1,2,1,1,1,5,6,15,1,1,26,43,10,50,8,4,1,8,4,4,6,39,1,1,65,9,1,8,10,1,2,9,3,1,1,32,1
2017-05,1,2,1,1,2,4,8,2,10,69,66,2,9,5,4,1,1,8,29,3,5,1,49,37,1,3,4,1,2,2,1,4,1,8,1,38,5,1,39,138,5,1,0,1,1,11,5,1,4,36,31,4,19,10,3,4,1,1,3,1,3,1,1,0,9,1,12,23,56,11,16,6,4,1,2,1,2,18,8,1,11,1,1,1,1,1,2,3,6,1,1,20,45,14,10,182,1,2,76,5,7,7,0,47,3,16,12,2,1,3,47,3,1,1,1,29,66,16,1,1,11,1,161,0,4,1,1,11,1,5,1,85,10,1,2,1,1,40,1,24,4,25,52,4,34,1,3,1,1,1,5,6,15,1,1,26,43,10,50,8,4,1,8,4,4,6,39,1,1,65,9,1,9,10,1,2,9,3,1,1,32,1
2017-06,1,2,1,1,2,4,8,2,10,69,66,2,9,5,4,1,1,8,29,3,5,1,49,37,1,3,4,1,2,2,1,4,1,8,1,38,5,1,40,140,5,1,0,1,1,12,5,1,4,36,31,5,19,10,3,4,1,2,3,1,3,1,1,1,9,1,12,24,56,11,16,6,4,1,2,1,2,18,8,1,11,1,1,1,1,1,2,3,6,1,1,20,47,14,10,182,1,2,78,5,7,7,0,48,3,16,12,2,1,3,48,3,1,1,1,29,66,16,1,1,11,1,161,0,4,1,1,11,1,5,1,87,10,1,2,1,1,40,1,25,4,25,52,4,34,1,3,1,1,1,5,6,15,1,1,26,43,10,51,8,4,2,8,4,4,6,39,1,1,66,9,1,9,10,1,2,9,3,1,1,32,1
2017-07,1,2,1,1,2,4,8,2,10,69,66,2,9,5,4,1,1,8,29,3,5,1,50,37,1,3,4,1,2,2,1,4,1,8,1,39,5,1,41,142,5,1,0,1,1,12,5,1,4,36,32,5,19,10,3,4,1,2,3,1,3,1,1,1,9,1,12,25,56,11,16,6,4,1,2,1,2,18,8,1,11,1,1,1,1,1,2,3,6,1,1,20,47,14,10,182,1,2,79,5,7,7,0,48,3,16,12,2,1,3,48,3,1,1,1,30,66,17,1,1,11,1,161,0,4,1,1,11,1,5,1,88,11,1,2,1,1,40,1,25,4,25,53,4,35,1,3,1,1,1,5,6,15,1,1,26,43,11,54,8,5,2,8,4,4,6,39,1,1,66,9,1,10,10,1,2,9,3,1,1,32,1
2017-08,1,2,1,1,2,4,8,2,10,69,66,2,9,5,4,1,1,8,30,3,6,1,50,37,1,3,4,1,2,2,1,4,1,8,1,39,5,1,43,143,5,1,0,1,1,13,5,1,4,36,32,5,19,10,3,4,1,2,3,1,3,1,1,1,9,1,12,27,56,11,16,6,4,1,2,1,2,18,8,1,11,1,1,1,1,1,2,3,6,1,1,20,48,14,10,182,1,2,79,5,7,7,0,48,3,16,12,2,1,3,48,3,1,1,1,30,66,17,1,1,11,1,161,0,4,1,1,11,1,5,1,89,12,1,2,1,1,40,1,25,4,25,53,4,36,1,3,1,1,1,5,6,15,1,1,26,43,11,55,8,5,2,8,5,4,6,39,1,1,66,10,1,10,11,1,2,9,3,1,1,32,1
2017-09,1,2,1,1,2,4,8,2,10,69,66,2,9,5,4,1,1,8,30,3,7,1,50,37,1,3,4,1,2,2,1,4,1,8,1,40,5,1,43,144,5,1,1,1,1,13,5,1,4,36,32,5,19,10,3,4,1,2,3,1,3,1,1,1,9,1,12,27,56,11,16,6,4,1,2,1,2,19,8,1,11,1,1,1,1,1,2,3,6,1,1,20,49,14,10,184,1,2,80,5,7,7,0,50,3,16,12,2,1,3,48,3,1,1,1,30,67,17,1,1,11,1,162,0,4,1,1,11,1,5,1,89,12,1,2,1,1,40,1,26,4,25,53,4,36,1,3,1,1,1,5,6,15,1,1,27,43,11,56,8,5,2,8,5,4,6,40,1,1,66,10,1,10,11,1,2,9,3,1,1,32,1
2017-10,1,2,1,1,2,4,8,2,10,69,66,2,9,5,4,1,1,8,31,3,7,1,50,38,1,3,4,1,2,2,1,4,1,9,1,40,5,1,44,146,5,1,1,1,1,13,5,1,4,36,32,5,19,10,3,4,1,2,3,1,3,1,1,1,9,1,12,27,57,11,16,6,4,1,2,1,2,19,8,1,11,1,1,1,1,1,2,3,6,1,1,20,49,14,10,185,1,2,81,5,7,7,0,52,3,16,12,2,1,5,49,3,1,1,1,30,68,17,1,1,11,1,163,0,4,1,1,11,1,5,1,90,12,1,2,1,2,40,1,26,4,25,54,4,37,1,3,1,1,1,5,6,15,1,1,27,43,11,56,8,5,2,8,5,4,6,40,1,1,66,10,1,11,11,1,2,9,3,1,1,32,1
2017-11,1,2,1,1,2,4,8,2,10,69,66,2,10,5,4,1,1,8,32,3,7,1,50,38,1,3,4,1,2,2,1,4,1,9,1,40,5,1,44,150,5,1,1,1,1,13,5,1,4,36,32,5,19,10,3,4,1,2,3,1,3,1,1,1,9,1,12,28,57,11,16,6,4,1,2,1,2,19,8,1,11,1,1,1,1,1,2,3,6,1,1,20,49,14,10,185,1,2,82,5,7,7,0,52,3,16,12,2,1,5,49,3,1,1,1,30,69,17,1,1,11,1,164,0,4,1,1,11,1,5,1,90,12,1,2,1,2,40,1,27,4,25,54,4,37,1,3,1,1,1,5,6,15,2,1,27,43,11,57,8,5,3,8,5,4,6,41,1,1,66,11,1,11,11,1,2,9,3,1,1,32,1
2017-12,1,2,1,1,2,4,9,2,10,71,67,2,10,5,4,1,1,8,32,3,7,1,51,38,1,3,4,1,2,2,1,4,1,9,1,41,5,1,44,150,5,1,1,1,1,13,5,1,4,36,32,6,19,10,3,4,1,2,3,1,3,1,1,1,9,1,12,28,57,11,16,6,4,1,2,1,2,19,8,1,11,1,1,1,1,1,2,3,6,1,1,20,50,14,10,186,1,2,83,5,7,7,1,52,3,16,12,2,1,5,49,3,1,1,1,30,69,17,1,1,11,2,165,0,5,1,1,11,1,5,1,93,12,1,2,1,2,40,1,27,4,25,55,4,37,1,3,1,1,1,5,6,15,2,1,27,45,11,57,8,5,3,8,6,4,6,41,1,1,68,11,1,12,11,1,2,10,3,1,1,33,1
2018-01,1,2,1,1,2,4,9,2,10,71,67,2,10,5,4,1,1,8,33,3,7,1,51,38,1,3,4,1,2,2,1,4,1,9,2,41,5,1,45,153,5,1,1,1,1,13,5,1,4,36,32,6,19,10,3,5,1,2,3,1,3,1,1,1,9,1,12,28,57,11,16,6,4,1,2,1,2,19,8,1,11,1,1,1,1,1,2,3,6,1,1,20,50,14,10,186,1,2,83,5,7,7,1,53,3,16,12,2,1,5,49,3,1,1,1,31,71,17,2,1,11,2,167,0,6,1,1,11,1,5,1,94,13,1,2,1,2,40,1,27,4,26,55,4,37,1,3,1,1,1,5,6,15,2,1,27,47,11,57,8,5,3,8,6,4,6,41,1,1,68,11,1,12,11,1,2,10,3,1,1,33,1
2018-02,1,2,1,1,2,4,9,2,10,71,67,2,11,5,4,1,1,8,33,3,7,1,51,38,1,3,4,1,2,2,1,4,1,9,3,44,5,1,45,154,5,1,1,1,1,13,5,1,4,36,32,6,19,10,3,5,1,2,3,1,3,1,1,1,9,1,12,28,57,11,16,6,4,1,2,1,2,19,8,1,11,1,1,1,1,1,2,3,6,1,1,20,50,14,10,186,1,2,83,5,7,7,1,53,3,16,12,2,1,5,49,3,1,1,1,31,71,17,2,1,12,2,168,0,6,1,1,12,1,5,1,95,13,1,2,1,2,40,1,27,5,26,55,4,37,1,3,1,1,1,5,6,15,3,1,27,49,11,57,8,5,3,8,6,4,6,41,1,1,68,11,1,12,11,1,2,10,3,1,1,33,1
2018-03,1,2,1,1,2,4,9,2,10,72,67,2,11,5,4,1,1,8,33,3,7,1,51,38,1,3,4,1,2,2,1,4,1,9,3,44,5,1,45,155,5,1,1,1,1,13,5,1,4,36,33,6,19,10,3,5,1,2,3,1,3,1,1,1,9,1,12,29,57,11,16,6,4,1,2,1,2,19,8,1,11,1,1,1,1,1,2,3,7,1,1,20,50,14,10,186,1,2,84,5,7,7,1,55,3,16,12,2,1,5,49,3,1,1,1,31,71,17,2,1,12,2,168,0,6,1,1,12,1,5,1,95,15,1,2,1,2,41,1,28,5,26,55,4,37,1,3,1,1,1,5,6,15,3,1,27,49,11,57,8,5,3,8,6,4,6,41,1,1,68,11,1,12,11,1,2,10,3,1,1,33,1
2018-04,1,2,1,1,2,4,9,2,10,73,67,2,11,5,4,1,1,8,33,3,7,1,51,38,1,3,4,1,2,2,1,4,1,9,3,44,5,1,45,156,5,1,1,1,1,13,5,1,4,36,33,6,19,10,3,5,1,2,3,1,3,1,1,1,9,1,12,29,58,11,16,6,4,1,2,1,2,20,8,1,11,1,1,1,1,1,2,3,7,1,1,21,50,14,10,186,1,2,84,5,8,7,1,56,3,16,12,2,1,5,49,3,1,1,1,31,71,17,2,1,12,2,168,0,6,1,1,12,1,5,1,95,15,1,2,1,2,41,1,29,5,26,56,4,37,1,3,1,1,1,5,6,15,3,1,27,49,11,57,8,5,3,8,7,4,6,42,1,1,68,11,1,12,11,1,2,10,3,1,1,33,1
2018-05,1,2,1,1,2,4,9,2,11,74,68,2,11,5,4,1,1,8,33,3,7,1,51,38,1,3,4,1,2,2,1,4,1,9,3,44,5,1,46,156,5,1,1,1,1,13,5,1,4,36,33,6,19,10,3,5,1,2,3,1,3,1,1,1,9,1,12,29,58,11,16,6,4,1,2,1,2,20,8,1,11,1,1,1,1,1,2,3,7,1,1,21,51,14,10,186,1,2,85,5,8,7,1,56,3,16,12,2,1,5,49,3,1,1,1,31,71,17,2,1,12,2,168,0,6,1,1,12,1,5,1,97,15,1,2,1,2,41,1,29,5,26,56,4,37,1,3,1,1,1,5,6,15,3,1,27,50,11,57,8,5,3,8,7,4,6,42,1,1,68,11,1,12,11,1,2,10,3,1,1,33,1
2018-06,1,2,1,1,2,4,9,2,11,74,68,2,11,5,4,1,1,8,34,3,7,1,51,38,1,3,4,1,2,2,1,4,1,9,3,44,5,1,47,157,5,1,1,1,1,13,5,1,4,36,33,6,19,10,3,5,1,2,3,1,3,1,1,1,9,1,12,29,58,11,16,6,4,1,2,1,2,20,8,1,11,1,1,1,1,1,2,3,7,1,1,21,51,14,10,186,1,2,86,5,8,7,1,56,3,16,12,2,1,5,49,3,1,1,1,31,71,17,2,1,12,2,168,1,7,1,1,12,1,5,1,98,15,1,2,1,2,41,1,30,5,26,56,4,37,1,3,1,1,1,5,6,15,3,1,27,50,11,58,8,5,3,8,7,4,6,42,1,1,68,11,1,12,11,1,2,10,3,1,1,33,1
2018-07,1,2,1,1,2,4,9,2,11,74,68,2,11,5,4,1,1,8,34,3,7,1,51,38,1,3,4,1,2,2,1,4,1,9,3,45,5,1,48,157,5,1,1,1,1,14,5,1,4,36,33,6,19,10,3,5,1,2,3,1,3,1,1,1,9,1,12,29,59,11,16,6,4,1,2,1,2,20,8,1,11,1,1,1,1,1,2,3,7,1,1,21,51,14,10,186,1,2,86,5,8,7,1,56,3,16,12,2,1,5,49,3,1,1,1,31,72,17,2,1,12,2,169,1,8,1,1,12,1,5,1,98,15,1,2,1,2,41,1,30,5,26,56,4,37,1,3,1,1,1,5,6,15,3,1,27,50,11,58,9,5,3,8,7,4,6,42,1,1,68,11,1,12,11,1,2,10,3,1,1,33,1
2018-08,1,2,1,1,2,4,9,2,11,74,68,2,11,5,4,1,1,8,34,3,7,1,51,38,1,3,4,1,2,2,1,4,1,9,4,45,5,1,48,157,5,1,1,1,1,14,5,1,4,36,33,6,19,10,3,5,1,2,3,1,3,1,1,1,9,1,12,29,59,11,16,6,4,1,2,1,2,20,8,1,11,1,1,1,1,1,2,3,7,1,1,22,51,14,10,186,1,2,86,5,8,7,1,57,3,16,12,2,1,5,49,3,1,1,1,31,72,17,2,1,12,2,169,1,9,1,1,12,1,5,1,98,15,1,2,1,2,41,1,30,5,26,56,4,37,1,3,1,1,1,5,6,15,3,1,27,50,11,58,9,5,3,8,7,4,6,42,1,1,68,11,1,12,11,1,2,10,3,1,1,33,1
